eqs,tpb,gpuA,nX,time,Speed
EulerClassic,64,0.0,99840,926.42055858,107.76962911210958
EulerClassic,64,0.0,130560,1167.88981178,111.79136822934638
EulerClassic,64,0.0,197120,1745.16599829,112.95200582245351
EulerClassic,64,0.0,263680,2296.23872584,114.83126603203756
EulerClassic,64,0.0,394240,3465.79673073,113.7516221030543
EulerClassic,64,0.0,524800,4525.32365105,115.96960581553806
EulerClassic,64,0.0,785920,6825.4182122,115.14605780422627
EulerClassic,64,0.0,1049600,11385.39942828,92.18824570993236
EulerClassic,64,0.0,1574400,25240.80111763,62.375199291924424
EulerClassic,64,0.0,2096640,36075.15781576,58.118664669681635
EulerClassic,64,0.0,3146240,53264.76582613,59.06794015147166
EulerClassic,64,0.0,4195840,70731.73965107,59.32046943421286
EulerClassic,64,0.0,6292480,106205.48582076,59.24816360823056
EulerClassic,64,0.0,8389120,142268.78144523,58.966696100012676
EulerClassic,64,0.0,12582400,212667.79075967,59.16457755570059
EulerClassic,64,2.0,67584,585.42906154,115.44353439205248
EulerClassic,64,2.0,98560,824.40796765,119.55245930112524
EulerClassic,64,2.0,132352,1086.87201413,121.77330750938764
EulerClassic,64,2.0,197120,1585.42763103,124.33238587619269
EulerClassic,64,2.0,261888,2201.7028982,118.94792899355596
EulerClassic,64,2.0,394240,3142.75308089,125.44415353444016
EulerClassic,64,2.0,523776,4119.87855218,127.13384469133155
EulerClassic,64,2.0,788480,6235.17201163,126.45681603158778
EulerClassic,64,2.0,1050368,9708.37506381,108.19194696293376
EulerClassic,64,2.0,1574144,21674.80581457,72.62551800772518
EulerClassic,64,2.0,2097920,32731.10125281,64.09561303165415
EulerClassic,64,2.0,3145472,48466.06254577,64.90050634976802
EulerClassic,64,2.0,4195840,64395.80327814,65.15704108662517
EulerClassic,64,2.0,6290944,96704.90251887,65.0529997563717
EulerClassic,64,2.0,8388864,129645.62216671,64.70611085666158
EulerClassic,64,2.0,12584704,193125.78201292,65.16325199479627
EulerClassic,64,4.0,67584,546.69948058,123.62184783548601
EulerClassic,64,4.0,98304,771.19437131,127.4698100208052
EulerClassic,64,4.0,132096,986.30909486,133.92961769124733
EulerClassic,64,4.0,196608,1455.16365225,135.11057652931422
EulerClassic,64,4.0,264192,1949.13092527,135.543485855576
EulerClassic,64,4.0,393216,2856.12890937,137.67445814857666
EulerClassic,64,4.0,525312,3819.96909055,137.51734308519377
EulerClassic,64,4.0,786432,5661.09761325,138.91864329619187
EulerClassic,64,4.0,1050624,8251.87748129,127.31938911867583
EulerClassic,64,4.0,1572864,18937.23292784,83.05669608613736
EulerClassic,64,4.0,2098176,28730.01198335,73.03080838309302
EulerClassic,64,4.0,3145728,45250.50128589,69.51808069761428
EulerClassic,64,4.0,4196352,59541.00855913,70.4783493183965
EulerClassic,64,4.0,6291456,88467.35980293,71.11612705538919
EulerClassic,64,4.0,8389632,117974.52779248,71.1139273619943
EulerClassic,64,4.0,12582912,177295.51618747,70.97140565413392
EulerClassic,64,6.0,66560,507.79745796,131.07588263122625
EulerClassic,64,6.0,99840,738.23729428,135.24106784306198
EulerClassic,64,6.0,133120,918.86819493,144.87387933820168
EulerClassic,64,6.0,196352,1344.51016513,146.03980326248768
EulerClassic,64,6.0,262912,1793.50493171,146.5911776162941
EulerClassic,64,6.0,392704,2700.29726895,145.4299141489342
EulerClassic,64,6.0,525824,3585.07654884,146.67022944604557
EulerClassic,64,6.0,788736,5270.11853998,149.6619087438958
EulerClassic,64,6.0,1048320,6992.49961159,149.92063757321054
EulerClassic,64,6.0,1574144,15827.1485242,99.45847147343724
EulerClassic,64,6.0,2096640,26200.21672682,80.0237655230448
EulerClassic,64,6.0,3144960,40778.36561203,77.12324789868987
EulerClassic,64,6.0,4196608,54508.07818499,76.99056983365868
EulerClassic,64,6.0,6293248,82361.03036186,76.41050594377091
EulerClassic,64,6.0,8389888,108997.43509291,76.97326081892123
EulerClassic,64,6.0,12583168,163771.63254129,76.83362377686221
EulerClassic,64,8.0,68096,489.61890828,139.07959608671345
EulerClassic,64,8.0,100352,688.16054951,145.82643551923306
EulerClassic,64,8.0,132608,858.1867218,154.5211509703412
EulerClassic,64,8.0,197120,1282.0612734,153.75240176878742
EulerClassic,64,8.0,261632,1662.00416738,157.41958121106236
EulerClassic,64,8.0,394240,2463.58455311,160.02698162006095
EulerClassic,64,8.0,526848,3285.44924476,160.35797869660468
EulerClassic,64,8.0,788480,4880.75655157,161.54872542175218
EulerClassic,64,8.0,1050112,6506.92181154,161.38383561604053
EulerClassic,64,8.0,1573376,13646.04200016,115.29907353220459
EulerClassic,64,8.0,2096640,23766.29673351,88.21904495721371
EulerClassic,64,8.0,3146752,37828.79525964,83.18403952338677
EulerClassic,64,8.0,4196864,50548.96744814,83.02571173794426
EulerClassic,64,8.0,6293504,75668.14288225,83.17243902488204
EulerClassic,64,8.0,8390144,101904.06201101,82.33375426284289
EulerClassic,64,8.0,12583424,152219.7612849,82.6661656396137
EulerClassic,64,10.0,65280,449.40983165,145.25716929762234
EulerClassic,64,10.0,99840,645.04909515,154.7789164432254
EulerClassic,64,10.0,130560,795.32779347,164.15872935908504
EulerClassic,64,10.0,195840,1174.98380488,166.67463771553938
EulerClassic,64,10.0,264960,1555.18345399,170.37218298601042
EulerClassic,64,10.0,395520,2317.89090417,170.63788433201927
EulerClassic,64,10.0,526080,3052.2292744,172.35926685206684
EulerClassic,64,10.0,787200,4579.72929694,171.88788877237286
EulerClassic,64,10.0,1048320,6025.61274442,173.97732719727026
EulerClassic,64,10.0,1574400,11665.98471728,134.95646001215417
EulerClassic,64,10.0,2096640,20906.24323758,100.28774544396319
EulerClassic,64,10.0,3144960,35363.69436437,88.93188498904806
EulerClassic,64,10.0,4197120,47769.51473409,87.86189316268663
EulerClassic,64,10.0,6293760,71287.99798271,88.28639010912428
EulerClassic,64,10.0,8390400,94513.22802629,88.7748749589434
EulerClassic,64,10.0,12583680,141873.0499961,88.69676094470316
EulerClassic,64,12.0,65536,429.28526618,152.6630545305523
EulerClassic,64,12.0,98304,640.28635892,153.5313045959839
EulerClassic,64,12.0,131072,745.67018856,175.7774442520218
EulerClassic,64,12.0,196608,1104.69909148,177.97425698666783
EulerClassic,64,12.0,262144,1442.77798046,181.69392903849337
EulerClassic,64,12.0,393216,2162.85311092,181.80430192632917
EulerClassic,64,12.0,524288,3635.40397991,144.21725973160747
EulerClassic,64,12.0,786432,5889.92855766,133.5214837159995
EulerClassic,64,12.0,1048576,5678.03525925,184.67232979784353
EulerClassic,64,12.0,1572864,10674.80525103,147.34357798688984
EulerClassic,64,12.0,2097152,19025.61040358,110.22784318159822
EulerClassic,64,12.0,3145728,33248.56402657,94.61244694616427
EulerClassic,64,12.0,4194304,44421.76927219,94.42001227595904
EulerClassic,64,12.0,6291456,66466.81451797,94.65559686629844
EulerClassic,64,12.0,8388608,88750.81331079,94.51866058539143
EulerClassic,64,12.0,12582912,133687.02272934,94.12216491255927
EulerClassic,64,14.0,65280,434.50108441,150.2412821101295
EulerClassic,64,14.0,100096,603.75963558,165.78783029084587
EulerClassic,64,14.0,130560,717.56965464,181.94749339769825
EulerClassic,64,14.0,195840,1044.82494701,187.438097224267
EulerClassic,64,14.0,261120,1371.32818049,190.41393862897002
EulerClassic,64,14.0,396032,2049.43258112,193.23982825703462
EulerClassic,64,14.0,526592,2691.28509001,195.66563273237
EulerClassic,64,14.0,787712,4027.64198997,195.57646929931508
EulerClassic,64,14.0,1048832,5348.31688621,196.10505927655274
EulerClassic,64,14.0,1575424,8596.42054818,183.26511495921898
EulerClassic,64,14.0,2097664,17232.44727741,121.72757393256767
EulerClassic,64,14.0,3146496,30968.36801008,101.6035458819088
EulerClassic,64,14.0,4195328,41768.02635192,100.44352981038445
EulerClassic,64,14.0,6292992,62256.50362534,101.0816803634085
EulerClassic,64,14.0,8390656,84278.15016832,99.55909073991555
EulerClassic,64,14.0,12585984,125222.44817559,100.50900763696636
EulerClassic,64,16.0,64512,426.32527785,151.32107653888204
EulerClassic,64,16.0,101376,619.39438907,163.66954849593114
EulerClassic,64,16.0,133632,750.88869442,177.96512451585087
EulerClassic,64,16.0,198144,1047.14129188,189.22374806198252
EulerClassic,64,16.0,262656,1330.61491359,197.39445072906474
EulerClassic,64,16.0,396288,2006.1378479,197.5377716017019
EulerClassic,64,16.0,525312,2580.40146394,203.57762438946384
EulerClassic,64,16.0,787968,3848.61001101,204.7409318548261
EulerClassic,64,16.0,1050624,5078.12218233,206.89222556632953
EulerClassic,64,16.0,1575936,7844.62178837,200.893815216993
EulerClassic,64,16.0,2096640,14525.96200596,144.33742833278436
EulerClassic,64,16.0,3147264,29166.22617028,107.90782398879635
EulerClassic,64,16.0,4193280,39600.25947744,105.8902152494451
EulerClassic,64,16.0,6294528,60178.8702011,104.59697862331991
EulerClassic,64,16.0,8391168,78945.01547379,106.29129590564074
EulerClassic,64,16.0,12584448,118253.14161993,106.4195659211058
EulerClassic,64,18.0,68096,368.44088814,184.82204932185732
EulerClassic,64,18.0,97280,527.35471725,184.4678672967725
EulerClassic,64,18.0,131328,629.83001362,208.5134038709611
EulerClassic,64,18.0,199424,945.25618987,210.9734928341771
EulerClassic,64,18.0,262656,1223.04383191,214.7559990469156
EulerClassic,64,18.0,393984,1826.03003762,215.7598680652091
EulerClassic,64,18.0,525312,2425.8667339,216.54610810193608
EulerClassic,64,18.0,787968,3611.5638126,218.17917137472207
EulerClassic,64,18.0,1050624,4788.25980967,219.41666529419325
EulerClassic,64,18.0,1575936,7339.45126967,214.72122943475281
EulerClassic,64,18.0,2096384,13376.72710419,156.71875367356103
EulerClassic,64,18.0,3147008,27456.17723465,114.61930672666408
EulerClassic,64,18.0,4197632,37923.74671589,110.68610998399052
EulerClassic,64,18.0,6294016,56337.92890201,111.71898084765138
EulerClassic,64,18.0,8390400,74741.54944853,112.25884480462855
EulerClassic,64,18.0,12583168,111633.60235907,112.71846230963847
EulerClassic,64,20.0,66560,335.76254411,198.23533377265008
EulerClassic,64,20.0,97280,470.35620429,206.8219768607998
EulerClassic,64,20.0,133120,609.53343998,218.39654934168652
EulerClassic,64,20.0,199680,895.51344785,222.97822604384464
EulerClassic,64,20.0,261120,1160.11216424,225.0816843827011
EulerClassic,64,20.0,394240,1729.59002581,227.93840974850087
EulerClassic,64,20.0,527360,2309.99218334,228.2951448075873
EulerClassic,64,20.0,788480,3436.18288907,229.46392129127955
EulerClassic,64,20.0,1049600,4659.08033198,225.28051143388305
EulerClassic,64,20.0,1571840,6873.57308648,228.67873524058928
EulerClassic,64,20.0,2099200,12066.4656379,173.96974913735687
EulerClassic,64,20.0,3148800,25458.94219658,123.68149374340426
EulerClassic,64,20.0,4193280,36110.91817509,116.12222042286935
EulerClassic,64,20.0,6292480,53109.32055386,118.48165132556305
EulerClassic,64,20.0,8391680,70758.79348407,118.59557783287002
EulerClassic,64,20.0,12584960,106118.37582154,118.59359797556847
EulerClassic,96,0.0,65280,625.417666,104.37824760773546
EulerClassic,96,0.0,99840,914.86783461,109.13051724302986
EulerClassic,96,0.0,130560,1165.06147385,112.06275628405974
EulerClassic,96,0.0,195840,1744.98653412,112.2300924223249
EulerClassic,96,0.0,264960,2335.37981727,113.45477855063916
EulerClassic,96,0.0,395520,3537.56328063,111.8057738120694
EulerClassic,96,0.0,526080,4575.35219192,114.98131246137707
EulerClassic,96,0.0,787200,6829.31111076,115.26784872338266
EulerClassic,96,0.0,1048320,11347.96164252,92.37958613395554
EulerClassic,96,0.0,1574400,25765.67238027,61.104557131821366
EulerClassic,96,0.0,2096640,35876.27874721,58.44084373335542
EulerClassic,96,0.0,3144960,53280.23581071,59.02676578184031
EulerClassic,96,0.0,4197120,71195.51489569,58.95202817409617
EulerClassic,96,0.0,6293760,106229.41580685,59.24686634296787
EulerClassic,96,0.0,8390400,142715.53962879,58.79107504217015
EulerClassic,96,0.0,12583680,212641.73564042,59.17784654127904
EulerClassic,96,2.0,67584,589.12017129,114.72022737230488
EulerClassic,96,2.0,101376,848.62089157,119.4597033929347
EulerClassic,96,2.0,130944,1066.86618111,122.73704267555081
EulerClassic,96,2.0,198528,1615.09782618,122.92010848008805
EulerClassic,96,2.0,261888,2098.64490682,124.78909564402171
EulerClassic,96,2.0,392832,3104.91527211,126.51939443521242
EulerClassic,96,2.0,523776,4124.07398224,127.00451113525124
EulerClassic,96,2.0,785664,6187.76854602,126.9704893059296
EulerClassic,96,2.0,1047552,9819.52017004,106.68056909706749
EulerClassic,96,2.0,1575552,22249.49216842,70.81294206958452
EulerClassic,96,2.0,2099328,32059.67200886,65.4818926226017
EulerClassic,96,2.0,3146880,48229.58330674,65.24792014033903
EulerClassic,96,2.0,4194432,64432.17108466,65.09841170009261
EulerClassic,96,2.0,6293760,96572.07289608,65.17163618070657
EulerClassic,96,2.0,8388864,129370.07236479,64.84393064530089
EulerClassic,96,2.0,12583296,192919.4048968,65.2256625336953
EulerClassic,96,4.0,64512,527.31145512,122.3413589323961
EulerClassic,96,4.0,101376,785.93743931,128.98736582520016
EulerClassic,96,4.0,133632,995.90960416,134.1808528021094
EulerClassic,96,4.0,198144,1499.30308082,132.1574020188306
EulerClassic,96,4.0,262656,1939.6816167,135.41191386185292
EulerClassic,96,4.0,396288,2984.22965136,132.79406959159462
EulerClassic,96,4.0,525312,3780.98288449,138.93530228737256
EulerClassic,96,4.0,787968,5690.08523768,138.4808780687573
EulerClassic,96,4.0,1050624,7798.55979573,134.72025957603807
EulerClassic,96,4.0,1575936,18741.61963029,84.0875031661079
EulerClassic,96,4.0,2096640,29829.84985004,70.28664276019441
EulerClassic,96,4.0,3147264,44360.03125797,70.94819166599535
EulerClassic,96,4.0,4193280,59222.50400889,70.80551675711887
EulerClassic,96,4.0,6294528,88625.20907141,71.02412582099713
EulerClassic,96,4.0,8391168,117875.62218578,71.18662743323593
EulerClassic,96,4.0,12584448,177332.87507835,70.96511571495067
EulerClassic,96,6.0,64896,499.04437499,130.04053998464647
EulerClassic,96,6.0,99840,724.98945756,137.71234734366777
EulerClassic,96,6.0,134784,931.45691265,144.70234550789772
EulerClassic,96,6.0,199680,1383.55255127,144.32411679390736
EulerClassic,96,6.0,264576,1805.76272444,146.51758861732503
EulerClassic,96,6.0,394368,2705.87851784,145.74490221933874
EulerClassic,96,6.0,524160,3523.07766134,148.77900812457145
EulerClassic,96,6.0,788736,5287.72614219,149.16354947106467
EulerClassic,96,6.0,1048320,7007.54815882,149.59868647931296
EulerClassic,96,6.0,1572480,16752.46672197,93.86557968432037
EulerClassic,96,6.0,2096640,26403.51273796,79.40761597928167
EulerClassic,96,6.0,3144960,41029.59034659,76.65102121258153
EulerClassic,96,6.0,4193280,55234.85400459,75.91728222277078
EulerClassic,96,6.0,6294912,82001.94220108,76.7654012945695
EulerClassic,96,6.0,8391552,108874.40603428,77.07552496183402
EulerClassic,96,6.0,12584832,164015.78747141,76.7293941273409
EulerClassic,96,8.0,64512,466.40617197,138.31720907018683
EulerClassic,96,8.0,102144,694.85308907,147.00085760100856
EulerClassic,96,8.0,134400,913.14324466,147.1839175134483
EulerClassic,96,8.0,198912,1268.27001572,156.83726456867876
EulerClassic,96,8.0,263424,1663.91728141,158.31556228370624
EulerClassic,96,8.0,392448,2462.55033666,159.36648853736085
EulerClassic,96,8.0,526848,3296.53839631,159.81855408986908
EulerClassic,96,8.0,790272,4899.05873212,161.3109871124204
EulerClassic,96,8.0,1048320,6484.73037373,161.659766803382
EulerClassic,96,8.0,1575168,13979.9990654,112.67296890587674
EulerClassic,96,8.0,2096640,23775.00963211,88.18671506102461
EulerClassic,96,8.0,3144960,37967.89438074,82.83208882911732
EulerClassic,96,8.0,4193280,50685.72746623,82.73098186849198
EulerClassic,96,8.0,6295296,75758.54162736,83.09684775830571
EulerClassic,96,8.0,8391936,101788.66512124,82.44470039964081
EulerClassic,96,8.0,12585216,152133.64328036,82.72473943720188
EulerClassic,96,10.0,69120,470.55162083,146.89142899578184
EulerClassic,96,10.0,97920,651.28491142,150.34894603423945
EulerClassic,96,10.0,132480,799.73745346,165.65436497545025
EulerClassic,96,10.0,195840,1171.66111686,167.14730665880808
EulerClassic,96,10.0,264960,1565.74470347,169.2229898097667
EulerClassic,96,10.0,397440,2320.45399059,171.27682841879863
EulerClassic,96,10.0,524160,3057.25162679,171.44810567992025
EulerClassic,96,10.0,789120,4608.47017982,171.23252819459967
EulerClassic,96,10.0,1048320,6020.15438947,174.13506899983201
EulerClassic,96,10.0,1572480,11653.11817689,134.94070652423997
EulerClassic,96,10.0,2096640,21386.13310727,98.03735857639772
EulerClassic,96,10.0,3144960,35506.12254576,88.5751463271384
EulerClassic,96,10.0,4193280,48203.59312404,86.99102552811017
EulerClassic,96,10.0,6295680,70854.76051677,88.85330998345454
EulerClassic,96,10.0,8392320,94439.24162604,88.86475426424815
EulerClassic,96,10.0,12585600,142137.08270678,88.54550663575468
EulerClassic,96,12.0,67584,440.44000452,153.4465518718136
EulerClassic,96,12.0,98304,632.75345889,155.35908752272738
EulerClassic,96,12.0,135168,772.43453806,174.98958596475993
EulerClassic,96,12.0,196608,1106.43109408,177.6956568302882
EulerClassic,96,12.0,264192,1454.27725532,181.66549675004512
EulerClassic,96,12.0,393216,2159.73507274,182.06677520920982
EulerClassic,96,12.0,528384,2912.17617555,181.4395723844586
EulerClassic,96,12.0,786432,4279.96583418,183.74726118594654
EulerClassic,96,12.0,1050624,5666.82980277,185.39889789639437
EulerClassic,96,12.0,1572864,9431.20691993,166.77229259769797
EulerClassic,96,12.0,2101248,19154.81038527,109.69818848302744
EulerClassic,96,12.0,3145728,33181.96071278,94.80235442471687
EulerClassic,96,12.0,4196352,44420.313445,94.46921182120442
EulerClassic,96,12.0,6291456,66628.79601391,94.42547931807955
EulerClassic,96,12.0,8392704,88529.45076335,94.80126587969826
EulerClassic,96,12.0,12582912,133231.5005389,94.44397120128606
EulerClassic,96,14.0,65280,424.53965274,153.76655532334763
EulerClassic,96,14.0,97920,584.87220244,167.42118977700136
EulerClassic,96,14.0,130560,722.62894024,180.6736386126998
EulerClassic,96,14.0,195840,1040.35763307,188.24295970424527
EulerClassic,96,14.0,261120,1358.39783062,192.22645539769422
EulerClassic,96,14.0,391680,2056.05723641,190.50053328471387
EulerClassic,96,14.0,528768,2698.79527525,195.92742170893942
EulerClassic,96,14.0,789888,4060.68416075,194.52091537552857
EulerClassic,96,14.0,1051008,5347.10017118,196.5566318852155
EulerClassic,96,14.0,1573248,8469.0041542,185.76540657614217
EulerClassic,96,14.0,2102016,17377.7363517,120.96028835161648
EulerClassic,96,14.0,3146496,30996.57526883,101.51108542510825
EulerClassic,96,14.0,4197504,41838.87165243,100.325458938523
EulerClassic,96,14.0,6292992,62429.02326583,100.80234594098505
EulerClassic,96,14.0,8388480,84099.69602931,99.74447466583577
EulerClassic,96,14.0,12585984,124967.26200796,100.71424945837666
EulerClassic,96,16.0,69120,448.54402542,154.09858583062964
EulerClassic,96,16.0,96768,594.95219317,162.64836252540678
EulerClassic,96,16.0,131328,738.74946074,177.77068814161933
EulerClassic,96,16.0,200448,1068.21944497,187.6468369339873
EulerClassic,96,16.0,262656,1330.26127382,197.44692653177276
EulerClassic,96,16.0,393984,1975.49399463,199.4356859959937
EulerClassic,96,16.0,525312,2608.18871585,201.40873887218035
EulerClassic,96,16.0,787968,3836.46072041,205.3893047328764
EulerClassic,96,16.0,1050624,5116.12289602,205.3555048134819
EulerClassic,96,16.0,1575936,8360.04838076,188.50799998082476
EulerClassic,96,16.0,2101248,15193.51872531,138.29897063276417
EulerClassic,96,16.0,3144960,29051.81928114,108.25346149807768
EulerClassic,96,16.0,4195584,39516.10218394,106.17403458646676
EulerClassic,96,16.0,6289920,59993.27963048,104.8437431449299
EulerClassic,96,16.0,8391168,78989.39561843,106.23157620466907
EulerClassic,96,16.0,12586752,117866.00637435,106.78865253161855
EulerClassic,96,18.0,65664,354.76966338,185.08910647657643
EulerClassic,96,18.0,102144,504.85381213,202.3239154499994
EulerClassic,96,18.0,131328,631.95545023,207.81211706015546
EulerClassic,96,18.0,196992,933.35728212,211.05744153252678
EulerClassic,96,18.0,262656,1239.97853019,211.82302241939112
EulerClassic,96,18.0,393984,1812.77054006,217.33804212581683
EulerClassic,96,18.0,525312,2403.43089537,218.56754900337168
EulerClassic,96,18.0,787968,3602.97385129,218.69933908009847
EulerClassic,96,18.0,1050624,4800.46237599,218.85891768568018
EulerClassic,96,18.0,1575936,7396.31093632,213.07054470374925
EulerClassic,96,18.0,2101248,13813.64926425,152.11389545252692
EulerClassic,96,18.0,3144576,27393.72327111,114.79184369641115
EulerClassic,96,18.0,4195200,38148.59472621,109.9699747817365
EulerClassic,96,18.0,6296448,56389.66035842,111.65961915675604
EulerClassic,96,18.0,8390400,74973.74400225,111.91117786178853
EulerClassic,96,18.0,12585600,111985.86108467,112.38561616706514
EulerClassic,96,20.0,69120,358.4208922,192.84590129704497
EulerClassic,96,20.0,99840,475.59491071,209.92655251704048
EulerClassic,96,20.0,130560,612.39199205,213.1967786890005
EulerClassic,96,20.0,199680,898.47438986,222.2433964212537
EulerClassic,96,20.0,261120,1159.50801156,225.1989614532198
EulerClassic,96,20.0,391680,1719.03926676,227.84819845228327
EulerClassic,96,20.0,529920,2311.73068827,229.23085404752288
EulerClassic,96,20.0,791040,3439.61711363,229.9790860050629
EulerClassic,96,20.0,1052160,4564.96182355,230.4860458135824
EulerClassic,96,20.0,1574400,6910.62688827,227.8230362389213
EulerClassic,96,20.0,2096640,11363.60363527,184.50485139172878
EulerClassic,96,20.0,3148800,26177.07980763,120.28843641612764
EulerClassic,96,20.0,4193280,35468.34291111,118.22599128775508
EulerClassic,96,20.0,6289920,53362.37799037,117.87180850776751
EulerClassic,96,20.0,8394240,70933.05232307,118.3403184423503
EulerClassic,96,20.0,12587520,106418.02982849,118.2837158354354
EulerClassic,128,0.0,66560,641.70564305,103.72356970969291
EulerClassic,128,0.0,97280,897.36583016,108.40617809422832
EulerClassic,128,0.0,133120,1182.93220347,112.53392173237594
EulerClassic,128,0.0,199680,1771.48688923,112.71886978897909
EulerClassic,128,0.0,261120,2306.30436811,113.22009514901366
EulerClassic,128,0.0,394240,3442.529635,114.52043752703962
EulerClassic,128,0.0,527360,4583.4905451,115.05641711506887
EulerClassic,128,0.0,788480,6867.18689312,114.81848568734182
EulerClassic,128,0.0,1049600,11043.72709448,95.04037821838452
EulerClassic,128,0.0,1571840,25598.16707264,61.40439647649711
EulerClassic,128,0.0,2099200,35720.16126459,58.76793176969703
EulerClassic,128,0.0,3148800,53157.18364715,59.235643876494606
EulerClassic,128,0.0,4193280,70842.38052367,59.19168679825677
EulerClassic,128,0.0,6292480,106261.07311248,59.21716970935587
EulerClassic,128,0.0,8391680,141919.98494754,59.12965677879645
EulerClassic,128,0.0,12584960,212356.85417866,59.26326253360311
EulerClassic,128,2.0,67584,585.94274521,115.34232747566166
EulerClassic,128,2.0,101376,860.48199914,117.81303978621193
EulerClassic,128,2.0,135168,1092.47584776,123.72630505026441
EulerClassic,128,2.0,197120,2381.74889304,82.76271296946058
EulerClassic,128,2.0,264704,3293.37765954,80.3746267098236
EulerClassic,128,2.0,394240,3511.64601066,112.26644109435853
EulerClassic,128,2.0,523776,4138.80257173,126.5525453128981
EulerClassic,128,2.0,788480,6208.31563256,127.00385203754051
EulerClassic,128,2.0,1047552,9928.20254239,105.51275475367413
EulerClassic,128,2.0,1576960,22397.79199253,70.40694013615001
EulerClassic,128,2.0,2100736,32334.87653732,64.96811569932515
EulerClassic,128,2.0,3148288,48192.65525991,65.32713300441374
EulerClassic,128,2.0,4195840,64568.77253272,64.98249595613379
EulerClassic,128,2.0,6290944,96672.17839847,65.07502059247653
EulerClassic,128,2.0,8391680,128945.98999889,65.07903037599105
EulerClassic,128,2.0,12581888,192994.58815833,65.19295758530804
EulerClassic,128,4.0,67584,545.34166509,123.92964691015555
EulerClassic,128,4.0,98304,765.64767144,128.39325928480096
EulerClassic,128,4.0,135168,1050.33852837,128.68993790960388
EulerClassic,128,4.0,196608,1457.21218803,134.9206392967339
EulerClassic,128,4.0,264192,1924.4780107,137.27982264858622
EulerClassic,128,4.0,393216,2881.37782704,136.46804536007187
EulerClassic,128,4.0,528384,3810.90380929,138.6505738381368
EulerClassic,128,4.0,786432,5696.89581611,138.04570513227287
EulerClassic,128,4.0,1050624,7747.95272133,135.60020792430078
EulerClassic,128,4.0,1572864,20074.71383701,78.35050665082198
EulerClassic,128,4.0,2101248,28980.26418686,72.50617131891886
EulerClassic,128,4.0,3145728,44373.53654341,70.89198303864238
EulerClassic,128,4.0,4196352,59164.24200751,70.9271657611592
EulerClassic,128,4.0,6291456,88551.58818851,71.04848290926924
EulerClassic,128,4.0,8392704,118443.46965442,70.85830923804592
EulerClassic,128,4.0,12582912,177116.44016611,71.04316227335543
EulerClassic,128,6.0,66560,507.94835524,131.03694364469618
EulerClassic,128,6.0,99840,724.75528717,137.7568425748943
EulerClassic,128,6.0,133120,923.81728779,144.09775803011442
EulerClassic,128,6.0,199680,1372.58507989,145.47732080549972
EulerClassic,128,6.0,266240,1821.46635922,146.16794795705752
EulerClassic,128,6.0,392704,2636.77874478,148.93323938439335
EulerClassic,128,6.0,525824,3537.74582256,148.63249831201858
EulerClassic,128,6.0,785408,5225.61979294,150.2994919494745
EulerClassic,128,6.0,1051648,7061.21384014,148.933033867609
EulerClassic,128,6.0,1577472,15509.03385336,101.71310572374848
EulerClassic,128,6.0,2096640,26401.35071494,79.41411871831062
EulerClassic,128,6.0,3148288,40974.20675104,76.83584990745649
EulerClassic,128,6.0,4193280,55199.12672042,75.96641920149736
EulerClassic,128,6.0,6289920,81575.839086,77.10518298645943
EulerClassic,128,6.0,8393216,108943.50433348,77.04191315810866
EulerClassic,128,6.0,12586496,163638.29617065,76.91656717614677
EulerClassic,128,8.0,64512,470.42798996,137.13469729019607
EulerClassic,128,8.0,100352,683.07456103,146.91221972705353
EulerClassic,128,8.0,136192,906.83182803,150.18440662351176
EulerClassic,128,8.0,200704,1323.05747812,151.697113178477
EulerClassic,128,8.0,265216,1671.40782963,158.67820845299676
EulerClassic,128,8.0,394240,2466.83927016,159.8158440109596
EulerClassic,128,8.0,523264,3257.50220906,160.63350580228632
EulerClassic,128,8.0,788480,4897.70525152,160.9896797597805
EulerClassic,128,8.0,1053696,6522.92598378,161.53732276284222
EulerClassic,128,8.0,1576960,13506.70602105,116.75385527324954
EulerClassic,128,8.0,2100224,23708.80326357,88.58414221299479
EulerClassic,128,8.0,3146752,38119.93217468,82.54873029627619
EulerClassic,128,8.0,4193280,50608.15217278,82.85779701428002
EulerClassic,128,8.0,6293504,76111.0121987,82.68848118285169
EulerClassic,128,8.0,8393728,101979.16546734,82.30826327646491
EulerClassic,128,8.0,12587008,151962.91802145,82.82947026736686
EulerClassic,128,10.0,69120,470.54182399,146.89448732503945
EulerClassic,128,10.0,99840,643.24474335,155.21308340591509
EulerClassic,128,10.0,130560,787.12346337,165.86978546036326
EulerClassic,128,10.0,199680,1193.91614741,167.24792644204717
EulerClassic,128,10.0,261120,1564.03996728,166.95225535323763
EulerClassic,128,10.0,391680,2285.27506915,171.39293439440706
EulerClassic,128,10.0,529920,3079.32541587,172.08963926609945
EulerClassic,128,10.0,791040,4589.24367211,172.36827166257288
EulerClassic,128,10.0,1052160,6076.25545155,173.15927685884293
EulerClassic,128,10.0,1574400,11393.78179203,138.18063473019112
EulerClassic,128,10.0,2096640,21505.26870381,97.494247985311
EulerClassic,128,10.0,3148800,36553.49163575,86.1422495934811
EulerClassic,128,10.0,4193280,47258.79348408,88.73015349857765
EulerClassic,128,10.0,6289920,70807.90671434,88.83075763523689
EulerClassic,128,10.0,8394240,94735.47072843,88.60714931224699
EulerClassic,128,10.0,12587520,142348.57910328,88.42743692486887
EulerClassic,128,12.0,65536,434.04782902,150.98796864845104
EulerClassic,128,12.0,98304,602.03998739,163.2848349927277
EulerClassic,128,12.0,131072,746.84598229,175.50070979575113
EulerClassic,128,12.0,196608,1111.36999997,176.90598091122416
EulerClassic,128,12.0,262144,1473.68548133,177.8832751771533
EulerClassic,128,12.0,393216,2160.65415469,181.98932908650377
EulerClassic,128,12.0,524288,2844.82162649,184.29556184402233
EulerClassic,128,12.0,786432,4747.86363948,165.6391294519428
EulerClassic,128,12.0,1048576,5698.92129031,183.99552241279707
EulerClassic,128,12.0,1572864,9457.18778263,166.31413440778627
EulerClassic,128,12.0,2097152,19343.00890836,108.4191197933852
EulerClassic,128,12.0,3145728,32986.81944066,95.36318000160188
EulerClassic,128,12.0,4194304,44263.15342296,94.75836391323054
EulerClassic,128,12.0,6291456,66606.82344436,94.45662883556618
EulerClassic,128,12.0,8388608,89302.04725265,93.93522610144944
EulerClassic,128,12.0,12582912,132569.80982692,94.9153658470805
EulerClassic,128,14.0,69632,447.96800613,155.4396721354088
EulerClassic,128,14.0,104448,616.23092131,169.49490262183156
EulerClassic,128,14.0,130560,716.85708653,182.12835229401915
EulerClassic,128,14.0,200192,1062.15728413,188.4767943421626
EulerClassic,128,14.0,261120,1357.68092762,192.3279576871869
EulerClassic,128,14.0,391680,2027.63310346,193.171042301306
EulerClassic,128,14.0,522240,2667.59764064,195.77165313233152
EulerClassic,128,14.0,792064,4071.15888596,194.55492212095947
EulerClassic,128,14.0,1053184,5492.18238484,191.7605655098218
EulerClassic,128,14.0,1575424,8819.90198655,178.62148608935328
EulerClassic,128,14.0,2097664,17374.75000728,120.73060038970813
EulerClassic,128,14.0,3150848,31071.64109837,101.40590868775487
EulerClassic,128,14.0,4195328,41663.45873746,100.69562458644226
EulerClassic,128,14.0,6292992,62909.76108204,100.03204418140089
EulerClassic,128,14.0,8390656,83592.16633709,100.37610421728058
EulerClassic,128,14.0,12585984,124734.23524335,100.90240241939512
EulerClassic,128,16.0,64512,436.43782356,147.81486965034117
EulerClassic,128,16.0,101376,659.38381715,153.74353656140528
EulerClassic,128,16.0,129024,728.20399024,177.18112195111223
EulerClassic,128,16.0,202752,1064.84928998,190.4044092510106
EulerClassic,128,16.0,267264,1353.91417417,197.40099121411652
EulerClassic,128,16.0,396288,1993.54401502,198.78567867789178
EulerClassic,128,16.0,525312,2590.09036151,202.8160900509076
EulerClassic,128,16.0,792576,3886.66491075,203.92187600424205
EulerClassic,128,16.0,1050624,5082.23069798,206.72497224842323
EulerClassic,128,16.0,1575936,7856.81325739,200.582086957164
EulerClassic,128,16.0,2101248,15527.58602662,135.32354587491497
EulerClassic,128,16.0,3151872,29266.12710952,107.69692854148526
EulerClassic,128,16.0,4193280,40198.54705983,104.3142179680992
EulerClassic,128,16.0,6294528,59486.60018227,105.81421665910042
EulerClassic,128,16.0,8386560,78834.78745546,106.38146268534345
EulerClassic,128,16.0,12589056,118227.70690917,106.48143594353657
EulerClassic,128,18.0,68096,358.49527879,189.94950290513978
EulerClassic,128,18.0,97280,484.84490134,200.64148293844158
EulerClassic,128,18.0,136192,656.34783832,207.49973116175644
EulerClassic,128,18.0,194560,918.65708611,211.78740461672484
EulerClassic,128,18.0,262656,1225.40330887,214.34249287461694
EulerClassic,128,18.0,398848,1833.96092328,217.47900674277665
EulerClassic,128,18.0,525312,2407.75325082,218.1751804596656
EulerClassic,128,18.0,787968,3609.86055027,218.28211617234462
EulerClassic,128,18.0,1050624,4797.80218818,218.98026612859255
EulerClassic,128,18.0,1575936,7665.53037817,205.58733998210633
EulerClassic,128,18.0,2101248,13841.171308,151.81142933947422
EulerClassic,128,18.0,3151872,27927.51780423,112.85900960101102
EulerClassic,128,18.0,4192768,37408.28544443,112.08126622719332
EulerClassic,128,18.0,6294016,56200.24199919,111.99268501531922
EulerClassic,128,18.0,8395264,74893.0625482,112.09668445053825
EulerClassic,128,18.0,12588032,112003.40873544,112.38972226045213
EulerClassic,128,20.0,71680,366.86637185,195.38449282919743
EulerClassic,128,20.0,102400,486.93782633,210.29378796011434
EulerClassic,128,20.0,133120,608.5821932,218.7379149232722
EulerClassic,128,20.0,194560,874.65888804,222.44100261301222
EulerClassic,128,20.0,266240,1178.14783616,225.98182658279134
EulerClassic,128,20.0,399360,1770.27255839,225.59238017178762
EulerClassic,128,20.0,522240,2275.30180324,229.52559491507327
EulerClassic,128,20.0,788480,3417.69799319,230.70499545925387
EulerClassic,128,20.0,1054720,4565.97601284,230.99551925678486
EulerClassic,128,20.0,1576960,9118.62763491,172.9383042205522
EulerClassic,128,20.0,2099200,12052.21202157,174.1754954395952
EulerClassic,128,20.0,3143680,25563.39198892,122.97585552662856
EulerClassic,128,20.0,4198400,35659.93673151,117.73436480301407
EulerClassic,128,20.0,6297600,53444.57054138,117.83423341617123
EulerClassic,128,20.0,8386560,70977.41599516,118.15814766448929
EulerClassic,128,20.0,12584960,106664.15908119,117.98677370550172
EulerClassic,192,0.0,69120,652.23399076,105.9742377416724
EulerClassic,192,0.0,99840,917.01581261,108.87489466058008
EulerClassic,192,0.0,130560,1648.59255877,79.19482549248532
EulerClassic,192,0.0,199680,2440.21836194,81.82874250698296
EulerClassic,192,0.0,261120,3481.78291321,74.9960599235817
EulerClassic,192,0.0,391680,3407.10856698,114.95964754277793
EulerClassic,192,0.0,529920,4612.41856488,114.8898332937368
EulerClassic,192,0.0,791040,6856.2503728,115.37501651605379
EulerClassic,192,0.0,1052160,10293.81669651,102.21281678317845
EulerClassic,192,0.0,1574400,25404.37290885,61.97358248711323
EulerClassic,192,0.0,2096640,35414.81781005,59.202337599066134
EulerClassic,192,0.0,3148800,53300.59675736,59.07626164739326
EulerClassic,192,0.0,4193280,70673.30312728,59.333295805462186
EulerClassic,192,0.0,6289920,106142.08620244,59.25943445282883
EulerClassic,192,0.0,8394240,142133.01563261,59.05904383044754
EulerClassic,192,0.0,12587520,213321.41945576,59.00729533918408
EulerClassic,192,2.0,67584,585.7167244,115.38683664741194
EulerClassic,192,2.0,101376,847.15253657,119.66676085331336
EulerClassic,192,2.0,135168,1095.43709321,123.39184133697005
EulerClassic,192,2.0,202752,1632.81674819,124.173150615189
EulerClassic,192,2.0,261888,2112.25487969,123.98503727847245
EulerClassic,192,2.0,397056,3156.94960681,125.77204246260136
EulerClassic,192,2.0,523776,4154.06747298,126.08750421289118
EulerClassic,192,2.0,785664,6162.8538045,127.48379645584372
EulerClassic,192,2.0,1047552,10133.82053375,103.37187209021506
EulerClassic,192,2.0,1571328,22018.67814497,71.36341199296552
EulerClassic,192,2.0,2095104,31938.64289197,65.59777781061418
EulerClassic,192,2.0,3151104,48491.88800291,64.98208524714283
EulerClassic,192,2.0,4198656,64505.76383417,65.08962533633138
EulerClassic,192,2.0,6293760,96439.5940087,65.26116233372184
EulerClassic,192,2.0,8388864,129067.34219463,64.99602345068689
EulerClassic,192,2.0,12587520,192848.96052965,65.2713914839313
EulerClassic,192,4.0,64512,620.64782056,103.94300578030213
EulerClassic,192,4.0,101376,899.95778691,112.64528345054264
EulerClassic,192,4.0,129024,1077.92524858,119.69661177337592
EulerClassic,192,4.0,202752,1675.60126565,121.00253452682155
EulerClassic,192,4.0,267264,2901.56871622,92.11017423298402
EulerClassic,192,4.0,396288,4437.64439496,89.30143218552601
EulerClassic,192,4.0,525312,4520.7324028,116.20064033753428
EulerClassic,192,4.0,792576,6444.52238083,122.98444371263444
EulerClassic,192,4.0,1050624,8493.79418113,123.69313143166211
EulerClassic,192,4.0,1575936,19267.64596592,81.7918287883982
EulerClassic,192,4.0,2101248,29266.00798693,71.79824460303583
EulerClassic,192,4.0,3151872,44408.16944295,70.97504895015155
EulerClassic,192,4.0,4193280,59125.99745663,70.92108683791504
EulerClassic,192,4.0,6294528,88948.04234937,70.76634666422856
EulerClassic,192,4.0,8386560,118661.49546882,70.67633832580248
EulerClassic,192,4.0,12589056,176898.15126764,71.1655600117225
EulerClassic,192,6.0,69888,542.86870089,128.73831164961786
EulerClassic,192,6.0,99840,722.6285501,138.16226882564186
EulerClassic,192,6.0,129792,899.19185638,144.34294425499075
EulerClassic,192,6.0,199680,1387.91309703,143.87067924302747
EulerClassic,192,6.0,269568,1817.56999276,148.31230768211464
EulerClassic,192,6.0,399360,2695.23217461,148.17276365357554
EulerClassic,192,6.0,529152,3519.39890601,150.35294779923322
EulerClassic,192,6.0,788736,5262.52508163,149.87786048816304
EulerClassic,192,6.0,1048320,7215.97506783,145.27766381477431
EulerClassic,192,6.0,1577472,16067.3438419,98.1787665417547
EulerClassic,192,6.0,2096640,26243.49507418,79.89179772258332
EulerClassic,192,6.0,3144960,41515.67272706,75.75355988270205
EulerClassic,192,6.0,4193280,54477.6092876,76.97254073435377
EulerClassic,192,6.0,6289920,81734.89505594,76.95513642851233
EulerClassic,192,6.0,8386560,108705.24978636,77.14953984726797
EulerClassic,192,6.0,12589824,163560.94091587,76.97329160313258
EulerClassic,192,8.0,64512,467.53181111,137.98419373183944
EulerClassic,192,8.0,96768,661.48671237,146.28865280346434
EulerClassic,192,8.0,129024,832.42143284,154.99841175377298
EulerClassic,192,8.0,204288,1335.47032963,152.9708264328113
EulerClassic,192,8.0,268800,1699.06963002,158.20422850877273
EulerClassic,192,8.0,397824,2497.10252068,159.31424389082204
EulerClassic,192,8.0,526848,3272.3086964,161.00192520944216
EulerClassic,192,8.0,784896,4852.62307254,161.74674774176583
EulerClassic,192,8.0,1053696,6535.28764031,161.23177096303266
EulerClassic,192,8.0,1580544,13896.38402245,113.73778944555552
EulerClassic,192,8.0,2096640,24859.51779105,84.33952812853188
EulerClassic,192,8.0,3150336,38040.26725075,82.81582196134251
EulerClassic,192,8.0,4193280,50486.79182746,83.056970906978
EulerClassic,192,8.0,6289920,76683.64984338,82.02426479238586
EulerClassic,192,8.0,8386560,101176.86020243,82.89009940830894
EulerClassic,192,8.0,12590592,151920.64181239,82.87611117091242
EulerClassic,192,10.0,69120,481.02417859,143.6934006157605
EulerClassic,192,10.0,103680,669.19998689,154.93126424260143
EulerClassic,192,10.0,138240,851.61672939,162.32654341938442
EulerClassic,192,10.0,195840,1242.83690886,157.5749791496259
EulerClassic,192,10.0,264960,1568.64508716,168.91010093284052
EulerClassic,192,10.0,391680,2290.3065248,171.0164101437048
EulerClassic,192,10.0,529920,3060.95019254,173.1227124477541
EulerClassic,192,10.0,794880,4612.86856911,172.3179379796123
EulerClassic,192,10.0,1048320,6047.19361392,173.35644712728865
EulerClassic,192,10.0,1578240,11567.7150813,136.43489564774399
EulerClassic,192,10.0,2096640,21825.51561702,96.06370987015747
EulerClassic,192,10.0,3144960,35297.34871604,89.0990432539442
EulerClassic,192,10.0,4193280,47010.19382476,89.19937696133097
EulerClassic,192,10.0,6289920,70831.28326589,88.80144069095267
EulerClassic,192,10.0,8386560,94320.05253704,88.91598100739556
EulerClassic,192,10.0,12591360,142262.15236836,88.50815055431706
EulerClassic,192,12.0,73728,473.19238836,155.80977592544977
EulerClassic,192,12.0,98304,603.30347581,162.94287028268198
EulerClassic,192,12.0,135168,769.16798678,175.73274281195637
EulerClassic,192,12.0,196608,1112.66851425,176.69952684203042
EulerClassic,192,12.0,270336,1489.86708034,181.44974378406098
EulerClassic,192,12.0,393216,2200.09582693,178.72676052874078
EulerClassic,192,12.0,528384,2879.3054494,183.51092278525246
EulerClassic,192,12.0,786432,4286.36035052,183.47314170741478
EulerClassic,192,12.0,1056768,5733.14181241,184.32615738067256
EulerClassic,192,12.0,1572864,9462.21147884,166.2258345754942
EulerClassic,192,12.0,2101248,18456.86127923,113.84644269741521
EulerClassic,192,12.0,3145728,33101.3839895,95.03312613750072
EulerClassic,192,12.0,4202496,44375.97036361,94.70206432817992
EulerClassic,192,12.0,6291456,66391.22746207,94.76336318069092
EulerClassic,192,12.0,8392704,89235.61928488,94.05105346113794
EulerClassic,192,12.0,12582912,132439.50384312,95.00875218397807
EulerClassic,192,14.0,65280,424.30093072,153.85306812602505
EulerClassic,192,14.0,104448,615.40855061,169.7213987301118
EulerClassic,192,14.0,130560,714.94184841,182.61625094454863
EulerClassic,192,14.0,195840,1040.85128958,188.1536795511149
EulerClassic,192,14.0,261120,1355.40034554,192.65156664540186
EulerClassic,192,14.0,391680,2047.24290154,191.32072686898368
EulerClassic,192,14.0,522240,2685.65034866,194.4556931100769
EulerClassic,192,14.0,783360,4013.28307932,195.19181291660354
EulerClassic,192,14.0,1057536,5373.27003479,196.81422916637968
EulerClassic,192,14.0,1579776,8892.15816151,177.6594580647601
EulerClassic,192,14.0,2102016,17316.10181115,121.39083166203677
EulerClassic,192,14.0,3146496,30990.44383656,101.53116930477842
EulerClassic,192,14.0,4204032,41745.33111398,100.706639229222
EulerClassic,192,14.0,6292992,63389.76058092,99.27458224056078
EulerClassic,192,14.0,8395008,83524.96910094,100.50896265348659
EulerClassic,192,14.0,12585984,125261.8556456,100.47738743076893
EulerClassic,192,16.0,69120,452.70833102,152.68108683634182
EulerClassic,192,16.0,96768,615.12032422,157.31556280912378
EulerClassic,192,16.0,138240,770.79963684,179.34621838527852
EulerClassic,192,16.0,193536,1023.71601625,189.05242950964723
EulerClassic,192,16.0,262656,1337.18672666,196.42432486303335
EulerClassic,192,16.0,400896,2002.28383324,200.21936617811537
EulerClassic,192,16.0,525312,2588.48597787,202.94179860007046
EulerClassic,192,16.0,787968,3851.82948546,204.56980325179111
EulerClassic,192,16.0,1050624,5214.99148282,201.46226575079206
EulerClassic,192,16.0,1575936,8120.61253461,194.06614873981127
EulerClassic,192,16.0,2101248,15446.99166038,136.02959373568464
EulerClassic,192,16.0,3151872,29190.22399729,107.97697202640917
EulerClassic,192,16.0,4202496,40306.06985092,104.2645937831142
EulerClassic,192,16.0,6289920,59231.43616589,106.19225882660967
EulerClassic,192,16.0,8391168,78987.1745543,106.23456336232742
EulerClassic,192,16.0,12579840,118355.59307444,106.2885130581694
EulerClassic,192,18.0,72960,378.30183723,192.8618706539397
EulerClassic,192,18.0,102144,509.59452716,200.44171307971942
EulerClassic,192,18.0,131328,642.52948761,204.39217581826057
EulerClassic,192,18.0,204288,960.88799563,212.6033428756282
EulerClassic,192,18.0,262656,1235.58655652,212.57596128252186
EulerClassic,192,18.0,393984,1820.45017589,216.4211936244754
EulerClassic,192,18.0,525312,2416.97489132,217.34276259407375
EulerClassic,192,18.0,787968,3591.99523926,219.36777404034984
EulerClassic,192,18.0,1050624,4791.10982201,219.28614434457583
EulerClassic,192,18.0,1575936,9375.77564066,168.08593340967184
EulerClassic,192,18.0,2101248,13696.53454694,153.41457306581603
EulerClassic,192,18.0,3151872,27435.02274426,114.8849785684774
EulerClassic,192,18.0,4202496,37555.28090216,111.90159943014281
EulerClassic,192,18.0,6289152,55921.54381491,112.46384793695849
EulerClassic,192,18.0,8390400,74683.11002037,112.34668719221116
EulerClassic,192,18.0,12592896,112556.89781361,111.88026895387046
EulerClassic,192,20.0,76800,380.73691455,201.71408934899665
EulerClassic,192,20.0,107520,503.44761935,213.5674017861457
EulerClassic,192,20.0,138240,632.60455565,218.5251414415735
EulerClassic,192,20.0,199680,897.86052704,222.39534313674554
EulerClassic,192,20.0,261120,1160.12018377,225.08012846690409
EulerClassic,192,20.0,399360,1756.87360764,227.31288025691182
EulerClassic,192,20.0,522240,2271.93511616,229.86571944126837
EulerClassic,192,20.0,783360,3394.81761239,230.75171907350375
EulerClassic,192,20.0,1059840,4604.61945967,230.168857444727
EulerClassic,192,20.0,1582080,6990.85599726,226.3070503268958
EulerClassic,192,20.0,2104320,12007.07548315,175.25666453526296
EulerClassic,192,20.0,3148800,25638.72072913,122.81423996410325
EulerClassic,192,20.0,4193280,35621.32601304,117.71824548207313
EulerClassic,192,20.0,6297600,53502.69222259,117.70622632969143
EulerClassic,192,20.0,8386560,70843.89851309,118.38083696721455
EulerClassic,192,20.0,12579840,106882.02181728,117.69837233717236
EulerClassic,256,0.0,71680,671.03416269,106.82019483576465
EulerClassic,256,0.0,102400,933.39581923,109.706940925099
EulerClassic,256,0.0,133120,1199.04726202,111.02147864942089
EulerClassic,256,0.0,194560,1767.40052483,110.08257453058867
EulerClassic,256,0.0,266240,2333.12494105,114.1130486909035
EulerClassic,256,0.0,399360,3500.63943863,114.08201472936966
EulerClassic,256,0.0,522240,4513.01869479,115.71855454596137
EulerClassic,256,0.0,788480,6827.87760821,115.47951577982492
EulerClassic,256,0.0,1054720,10525.40306611,100.20708882836213
EulerClassic,256,0.0,1576960,25353.30403935,62.199388196207245
EulerClassic,256,0.0,2099200,35363.83711208,59.360074342241845
EulerClassic,256,0.0,3143680,53102.05507278,59.200722000144275
EulerClassic,256,0.0,4198400,70943.00127029,59.17990393448768
EulerClassic,256,0.0,6297600,106794.46818611,58.969346511705226
EulerClassic,256,0.0,8386560,141802.6818362,59.14246396050207
EulerClassic,256,0.0,12584960,213360.22398686,58.98456499921493
EulerClassic,256,2.0,67584,587.69802614,114.99783391122077
EulerClassic,256,2.0,101376,845.8629088,119.84920835909338
EulerClassic,256,2.0,135168,1109.49889096,121.82797216051758
EulerClassic,256,2.0,202752,1661.49148074,122.03011712687068
EulerClassic,256,2.0,270336,2158.42693502,125.24676912331759
EulerClassic,256,2.0,394240,3138.04379376,125.63240856738399
EulerClassic,256,2.0,529408,4183.23729255,126.55461858279756
EulerClassic,256,2.0,788480,6190.26782296,127.37413348667887
EulerClassic,256,2.0,1047552,9986.02819443,104.90176670884054
EulerClassic,256,2.0,1576960,22044.79039799,71.53436124953059
EulerClassic,256,2.0,2095104,31936.3173138,65.60255459055966
EulerClassic,256,2.0,3153920,48417.33871806,65.14030063415208
EulerClassic,256,2.0,4201472,64686.7514957,64.95104334122095
EulerClassic,256,2.0,6296576,97303.19747057,64.71088477749605
EulerClassic,256,2.0,8391680,128654.24472634,65.2266080909333
EulerClassic,256,2.0,12581888,193188.62633269,65.12747794133978
EulerClassic,256,4.0,73728,589.06455473,125.1611549328299
EulerClassic,256,4.0,98304,764.06036724,128.6599910359198
EulerClassic,256,4.0,135168,1009.27764719,133.9254865857087
EulerClassic,256,4.0,196608,1455.89876175,135.0423567663976
EulerClassic,256,4.0,270336,1971.38946707,137.12967656350014
EulerClassic,256,4.0,393216,2903.62566168,135.4224152201804
EulerClassic,256,4.0,528384,3811.25853278,138.6376692778664
EulerClassic,256,4.0,786432,5697.37252322,138.0341546554744
EulerClassic,256,4.0,1056768,7957.99199018,132.7932977695919
EulerClassic,256,4.0,1572864,19030.21439639,82.65088176297003
EulerClassic,256,4.0,2101248,29130.43672388,72.13238922290095
EulerClassic,256,4.0,3145728,44235.69219762,71.11289195943108
EulerClassic,256,4.0,4202496,59469.23745762,70.66672080661628
EulerClassic,256,4.0,6291456,88500.1779903,71.08975533009178
EulerClassic,256,4.0,8392704,118522.36873452,70.81113961533237
EulerClassic,256,4.0,12582912,176732.2781736,71.19758840906299
EulerClassic,256,6.0,66560,506.93022121,131.30012221628226
EulerClassic,256,6.0,106496,772.54728837,137.85046119920534
EulerClassic,256,6.0,133120,919.89257119,144.7125503229057
EulerClassic,256,6.0,199680,1396.30456404,143.00604978490907
EulerClassic,256,6.0,266240,1793.07543148,148.48231999935786
EulerClassic,256,6.0,399360,2682.82599883,148.85795805399374
EulerClassic,256,6.0,532480,3666.79234938,145.21684056912426
EulerClassic,256,6.0,785408,5243.72421611,149.7805696163492
EulerClassic,256,6.0,1051648,7023.47308939,149.7333280295002
EulerClassic,256,6.0,1570816,15984.43091999,98.2716249244476
EulerClassic,256,6.0,2103296,27115.42961814,77.56823438242381
EulerClassic,256,6.0,3154944,41188.72620842,76.59727042869928
EulerClassic,256,6.0,4193280,54548.4639948,76.87255869202362
EulerClassic,256,6.0,6296576,81460.63293109,77.29593760125167
EulerClassic,256,6.0,8386560,108749.44691223,77.11818531609326
EulerClassic,256,6.0,12579840,163699.02892544,76.84737095007289
EulerClassic,256,8.0,71680,510.98671826,140.27761865138697
EulerClassic,256,8.0,100352,684.23180147,146.66374726284906
EulerClassic,256,8.0,129024,833.04019408,154.883282843864
EulerClassic,256,8.0,200704,1281.87708421,156.57039389520767
EulerClassic,256,8.0,272384,1705.70087433,159.69036781258177
EulerClassic,256,8.0,401408,2517.65780015,159.43707678465452
EulerClassic,256,8.0,530432,3283.0192826,161.56834740852398
EulerClassic,256,8.0,788480,4892.7376487,161.15313278845005
EulerClassic,256,8.0,1046528,6477.30294141,161.56848142912216
EulerClassic,256,8.0,1576960,13333.566709,118.2699299007197
EulerClassic,256,8.0,2107392,24059.58453091,87.59053994854219
EulerClassic,256,8.0,3153920,38160.29670021,82.64925256680837
EulerClassic,256,8.0,4200448,50785.69511933,82.70927453351386
EulerClassic,256,8.0,6293504,77035.4083668,81.69625024941539
EulerClassic,256,8.0,8386560,101195.08600234,82.87517043867201
EulerClassic,256,8.0,12587008,151886.01962001,82.87140601544702
EulerClassic,256,10.0,76800,513.1909197,149.6519074127336
EulerClassic,256,10.0,107520,685.92821468,156.751096833304
EulerClassic,256,10.0,138240,832.81343633,165.99155821643444
EulerClassic,256,10.0,199680,1198.55325872,166.60085694752445
EulerClassic,256,10.0,261120,1535.68870371,170.03446034940035
EulerClassic,256,10.0,399360,2333.50675756,171.14156567413818
EulerClassic,256,10.0,522240,3059.05654214,170.71930276733644
EulerClassic,256,10.0,783360,4517.03799855,173.42338059840625
EulerClassic,256,10.0,1059840,6142.30364019,172.5476404431247
EulerClassic,256,10.0,1582080,12944.97255845,122.21578631059181
EulerClassic,256,10.0,2104320,21525.9492614,97.75736133381277
EulerClassic,256,10.0,3148800,35632.78107209,88.36806741605562
EulerClassic,256,10.0,4193280,47399.911447,88.46598805756626
EulerClassic,256,10.0,6297600,71102.17397862,88.57113148036304
EulerClassic,256,10.0,8386560,94646.4876695,88.60931035587265
EulerClassic,256,10.0,12579840,142164.58090867,88.48786328910994
EulerClassic,256,12.0,65536,458.33925767,142.98578815429622
EulerClassic,256,12.0,98304,602.15382142,163.253966848835
EulerClassic,256,12.0,131072,746.30997398,175.62675640123837
EulerClassic,256,12.0,196608,1105.19218445,177.89485192373323
EulerClassic,256,12.0,262144,1446.07834382,181.27925165348458
EulerClassic,256,12.0,393216,2175.21273006,180.7712848338993
EulerClassic,256,12.0,524288,2861.40108108,183.22772136582617
EulerClassic,256,12.0,786432,4270.73144913,184.1445685282332
EulerClassic,256,12.0,1048576,5651.13362399,185.55144326239622
EulerClassic,256,12.0,1572864,10010.29508764,157.12463880730755
EulerClassic,256,12.0,2097152,19106.7312414,109.75985235276362
EulerClassic,256,12.0,3145728,33088.90780535,95.06895841063032
EulerClassic,256,12.0,4194304,44236.92508177,94.81454672193003
EulerClassic,256,12.0,6291456,66582.81508358,94.49068790651864
EulerClassic,256,12.0,8388608,89223.27327727,94.01816019382728
EulerClassic,256,12.0,12582912,132547.85325309,94.93108859314297
EulerClassic,256,14.0,69632,444.19453361,156.76014613258715
EulerClassic,256,14.0,104448,625.05999478,167.10075972269217
EulerClassic,256,14.0,139264,758.78108631,183.5364672533544
EulerClassic,256,14.0,208896,1109.53560742,188.2733628402835
EulerClassic,256,14.0,261120,1357.29273883,192.3829639176351
EulerClassic,256,14.0,400384,2099.15945747,190.73539105150238
EulerClassic,256,14.0,522240,2667.64454408,195.76821100807746
EulerClassic,256,14.0,783360,4033.47999399,194.21442554995406
EulerClassic,256,14.0,1044480,5311.43184142,196.64753896583196
EulerClassic,256,14.0,1584128,9218.87909282,171.83520730126256
EulerClassic,256,14.0,2106368,17522.07218517,120.2122658633234
EulerClassic,256,14.0,3150848,31182.70271474,101.04473716803902
EulerClassic,256,14.0,4195328,41871.5965531,100.19508080327536
EulerClassic,256,14.0,6301696,63338.9838392,99.49158666640827
EulerClassic,256,14.0,8390656,83190.889792,100.86027473655994
EulerClassic,256,14.0,12585984,136680.2401976,92.08342026473113
EulerClassic,256,16.0,73728,472.46291421,156.0503433868027
EulerClassic,256,16.0,110592,667.37001592,165.71316864984394
EulerClassic,256,16.0,129024,731.49130561,176.38487157739382
EulerClassic,256,16.0,202752,1064.69071995,190.4327671885049
EulerClassic,256,16.0,258048,1321.42491774,195.28010750798694
EulerClassic,256,16.0,405504,2020.30780099,200.71397031744033
EulerClassic,256,16.0,534528,2621.83505839,203.87552538420917
EulerClassic,256,16.0,792576,3905.59200807,202.93363934643597
EulerClassic,256,16.0,1050624,5114.95728926,205.40230163915948
EulerClassic,256,16.0,1585152,7857.75596445,201.73087675050394
EulerClassic,256,16.0,2101248,16477.55544836,127.52182850091006
EulerClassic,256,16.0,3151872,29343.71510419,107.4121660740205
EulerClassic,256,16.0,4202496,39851.6089266,105.45360935716033
EulerClassic,256,16.0,6303744,59279.5638171,106.3392439838027
EulerClassic,256,16.0,8386560,78890.43162085,106.30642813955035
EulerClassic,256,16.0,12589056,118726.87508842,106.03375175691684
EulerClassic,256,18.0,77824,401.31287141,193.9235084251543
EulerClassic,256,18.0,97280,486.14926772,200.10315032713137
EulerClassic,256,18.0,136192,655.00181372,207.92614180182915
EulerClassic,256,18.0,194560,918.26525601,211.87777575881756
EulerClassic,256,18.0,272384,1296.17656361,210.14421001516908
EulerClassic,256,18.0,389120,1797.51270468,216.47691222815172
EulerClassic,256,18.0,525312,2401.98945999,218.69871152648065
EulerClassic,256,18.0,797696,3664.49581493,217.68233347409014
EulerClassic,256,18.0,1050624,4821.56489112,217.90103912838782
EulerClassic,256,18.0,1575936,7376.21472099,213.65104726621698
EulerClassic,256,18.0,2101248,13607.31653734,154.42045418976917
EulerClassic,256,18.0,3151872,27631.74252076,114.06707331728963
EulerClassic,256,18.0,4202496,37791.40819202,111.20241877854649
EulerClassic,256,18.0,6303744,56155.93312003,112.25428284712353
EulerClassic,256,18.0,8385536,74574.10834052,112.44567567217831
EulerClassic,256,18.0,12588032,112617.95455758,111.77642188097026
EulerClassic,256,20.0,61440,317.83602454,193.30722528675383
EulerClassic,256,20.0,102400,491.78691344,208.22026207188455
EulerClassic,256,20.0,143360,654.49636633,219.0386492195088
EulerClassic,256,20.0,204800,916.16071354,223.5415653315485
EulerClassic,256,20.0,266240,1192.55404039,223.25193742409505
EulerClassic,256,20.0,389120,1707.13784478,227.93707092243986
EulerClassic,256,20.0,532480,2331.16379651,228.4180977746734
EulerClassic,256,20.0,798720,3634.87438722,219.73799226962328
EulerClassic,256,20.0,1044480,4517.83145558,231.19056349699738
EulerClassic,256,20.0,1576960,7225.10688955,218.26113081881581
EulerClassic,256,20.0,2109440,11709.48782834,180.1479305435211
EulerClassic,256,20.0,3153920,25620.09434266,123.10337182281215
EulerClassic,256,20.0,4198400,35709.63655818,117.57050490166004
EulerClassic,256,20.0,6287360,53209.34512398,118.16270215974635
EulerClassic,256,20.0,8396800,71170.63019492,117.98125121279796
EulerClassic,256,20.0,12595200,107151.56147696,117.54565053826352
EulerClassic,384,0.0,76800,716.48870815,107.18940735060627
EulerClassic,384,0.0,107520,984.12218961,109.25472582079401
EulerClassic,384,0.0,138240,1241.37106809,111.36073939011564
EulerClassic,384,0.0,199680,1768.87802644,112.88511531904267
EulerClassic,384,0.0,261120,2305.64837022,113.25230827590788
EulerClassic,384,0.0,399360,3477.81779549,114.83062756130758
EulerClassic,384,0.0,522240,4540.86052288,115.00903790561134
EulerClassic,384,0.0,783360,6810.55142663,115.02152335814937
EulerClassic,384,0.0,1059840,10882.14089654,97.39260041532621
EulerClassic,384,0.0,1582080,25809.31602825,61.29879607302685
EulerClassic,384,0.0,2104320,35615.98673733,59.08357995299931
EulerClassic,384,0.0,3148800,53271.68018167,59.10832902701379
EulerClassic,384,0.0,4193280,70834.2050639,59.19851851541519
EulerClassic,384,0.0,6297600,106925.94818634,58.896835677577194
EulerClassic,384,0.0,8386560,141379.30727003,59.319572021823085
EulerClassic,384,0.0,12579840,212879.5516274,59.09369830888366
EulerClassic,384,2.0,67584,599.19691086,112.79096867004833
EulerClassic,384,2.0,101376,847.75729613,119.58139489070751
EulerClassic,384,2.0,135168,1099.28729317,122.95966744982364
EulerClassic,384,2.0,202752,1650.11930466,122.87111569898045
EulerClassic,384,2.0,270336,2142.46784557,126.17972333119313
EulerClassic,384,2.0,405504,3219.01707216,125.97137290977516
EulerClassic,384,2.0,523776,4106.46000775,127.54927577804072
EulerClassic,384,2.0,794112,6267.85984906,126.6958769218642
EulerClassic,384,2.0,1047552,8783.9474678,119.2575438138824
EulerClassic,384,2.0,1571328,21622.88019874,72.66968995608475
EulerClassic,384,2.0,2095104,31931.44017999,65.61257457197021
EulerClassic,384,2.0,3142656,48157.16873515,65.25832150315286
EulerClassic,384,2.0,4190208,64222.35363179,65.24531978419819
EulerClassic,384,2.0,6302208,97268.53292638,64.79184799435575
EulerClassic,384,2.0,8397312,128793.03182254,65.20004911112272
EulerClassic,384,2.0,12587520,193318.63381644,65.11281272529635
EulerClassic,384,4.0,73728,589.20270746,125.13180789313543
EulerClassic,384,4.0,110592,851.10131177,129.93987727501724
EulerClassic,384,4.0,129024,961.60073714,134.17626985576584
EulerClassic,384,4.0,202752,1518.38454333,133.53139090532395
EulerClassic,384,4.0,258048,1923.93328927,134.1252326362685
EulerClassic,384,4.0,405504,3456.96128498,117.30070619010303
EulerClassic,384,4.0,534528,3888.13326575,137.47676930432897
EulerClassic,384,4.0,792576,5718.29761158,138.60348898157585
EulerClassic,384,4.0,1050624,7659.78197618,137.1610841231744
EulerClassic,384,4.0,1585152,19226.08783028,82.4479745433949
EulerClassic,384,4.0,2101248,29227.37979889,71.89313631459366
EulerClassic,384,4.0,3151872,44407.64891017,70.97588089781027
EulerClassic,384,4.0,4202496,59125.27288089,71.07782840116577
EulerClassic,384,4.0,6303744,89116.95692755,70.7356289681749
EulerClassic,384,4.0,8386560,117819.24234736,71.18158148797431
EulerClassic,384,4.0,12589056,177263.22325791,71.01899519046594
EulerClassic,384,6.0,79872,603.10454802,132.434749932198
EulerClassic,384,6.0,99840,722.88907658,138.11247566825142
EulerClassic,384,6.0,139776,964.06542171,144.9860111693187
EulerClassic,384,6.0,199680,1376.0934743,145.10642171424763
EulerClassic,384,6.0,259584,1749.98673526,148.33483864175287
EulerClassic,384,6.0,399360,2708.73433893,147.43417036524687
EulerClassic,384,6.0,539136,3585.81018448,150.35263225406433
EulerClassic,384,6.0,798720,5340.76109799,149.55171844338795
EulerClassic,384,6.0,1058304,9033.33529559,117.15539890528089
EulerClassic,384,6.0,1577472,16306.10561371,96.74118623846508
EulerClassic,384,6.0,2096640,26207.26598393,80.00224064904886
EulerClassic,384,6.0,3154944,41154.10839427,76.66170215072067
EulerClassic,384,6.0,4193280,54494.18930573,76.94912161137668
EulerClassic,384,6.0,6289920,81778.42890132,76.91417020972474
EulerClassic,384,6.0,8386560,109569.82200795,76.54078327690904
EulerClassic,384,6.0,12579840,163237.67852781,77.06456078923492
EulerClassic,384,8.0,64512,471.89543464,136.70825200759776
EulerClassic,384,8.0,107520,741.5636236,144.99093075525016
EulerClassic,384,8.0,129024,829.832944,155.48189660689104
EulerClassic,384,8.0,193536,1241.32507498,155.9108116809114
EulerClassic,384,8.0,258048,1618.11239069,159.47470737181763
EulerClassic,384,8.0,408576,2563.26636401,159.3966221133646
EulerClassic,384,8.0,537600,3336.24345606,161.13931944130027
EulerClassic,384,8.0,795648,4947.27160714,160.82561524451276
EulerClassic,384,8.0,1053696,6535.18473018,161.23430989394203
EulerClassic,384,8.0,1569792,13382.54746524,117.30143338384546
EulerClassic,384,8.0,2107392,24116.99073965,87.38204624075681
EulerClassic,384,8.0,3161088,38016.4972652,83.15042750910234
EulerClassic,384,8.0,4193280,50989.40220746,82.23826557014435
EulerClassic,384,8.0,6300672,76051.8820069,82.84702276570033
EulerClassic,384,8.0,8386560,100993.20017207,83.04083825159677
EulerClassic,384,8.0,12579840,152107.95619269,82.70336618068741
EulerClassic,384,10.0,69120,469.48294206,147.22579631267294
EulerClassic,384,10.0,115200,731.44037073,157.49745927344267
EulerClassic,384,10.0,138240,832.73766258,166.0066623763633
EulerClassic,384,10.0,207360,1243.89271303,166.70247990672078
EulerClassic,384,10.0,276480,1650.31888268,167.5312588988961
EulerClassic,384,10.0,391680,2284.77200595,171.43067184821393
EulerClassic,384,10.0,529920,3063.7196194,172.9662194426851
EulerClassic,384,10.0,783360,4545.43872313,172.33979989957416
EulerClassic,384,10.0,1059840,6134.3421936,172.77158113313894
EulerClassic,384,10.0,1589760,11918.5722091,133.38510453342687
EulerClassic,384,10.0,2096640,21352.40728205,98.19220719729105
EulerClassic,384,10.0,3156480,35484.63617671,88.95342717566666
EulerClassic,384,10.0,4193280,47256.87092,88.73376333144657
EulerClassic,384,10.0,6289920,70888.51087743,88.7297521438362
EulerClassic,384,10.0,8386560,94295.06384242,88.93954421638755
EulerClassic,384,10.0,12579840,142032.5194272,88.57013908316895
EulerClassic,384,12.0,73728,474.90128604,155.24910579793635
EulerClassic,384,12.0,98304,604.53328219,162.6113944361856
EulerClassic,384,12.0,147456,836.42235669,176.29370953633062
EulerClassic,384,12.0,196608,1106.6571149,177.65936472361267
EulerClassic,384,12.0,270336,1502.68307599,179.9022058073668
EulerClassic,384,12.0,393216,2160.74015877,181.98208535349198
EulerClassic,384,12.0,540672,2933.83784728,184.28830362975384
EulerClassic,384,12.0,786432,4281.60905838,183.67674144858904
EulerClassic,384,12.0,1056768,5766.24510505,183.26796394320746
EulerClassic,384,12.0,1572864,9733.27563026,161.5965744471561
EulerClassic,384,12.0,2113536,18730.53472692,112.83906363668157
EulerClassic,384,12.0,3145728,33063.62091411,95.14166667261635
EulerClassic,384,12.0,4202496,44410.24216738,94.6289818497499
EulerClassic,384,12.0,6291456,67430.31727183,93.30307574614285
EulerClassic,384,12.0,8404992,88516.59961179,94.95385088064876
EulerClassic,384,12.0,12582912,132685.46251816,94.83263472272134
EulerClassic,384,14.0,78336,486.76876588,160.93062145920774
EulerClassic,384,14.0,104448,616.25870791,169.48726023560522
EulerClassic,384,14.0,130560,715.40056575,182.49915676698637
EulerClassic,384,14.0,208896,1108.70634426,188.41418296332245
EulerClassic,384,14.0,261120,1370.82563747,190.4837441484709
EulerClassic,384,14.0,391680,2032.30818835,192.72667513975773
EulerClassic,384,14.0,522240,2669.4929383,195.6326583626685
EulerClassic,384,14.0,783360,4019.27653226,194.900747363985
EulerClassic,384,14.0,1044480,5342.51364795,195.50347810543866
EulerClassic,384,14.0,1566720,8872.8036447,176.5755293070021
EulerClassic,384,14.0,2115072,17580.36691492,120.30875181592447
EulerClassic,384,14.0,3159552,31089.54711394,101.62746946491585
EulerClassic,384,14.0,4204032,42627.27438319,98.6230543902158
EulerClassic,384,14.0,6292992,62947.62346961,99.9718758729334
EulerClassic,384,14.0,8408064,83518.90637657,100.67258258973993
EulerClassic,384,14.0,12585984,125281.15562958,100.46190855082068
EulerClassic,384,16.0,82944,524.06835556,158.26943016120316
EulerClassic,384,16.0,110592,673.21252823,164.27501771359897
EulerClassic,384,16.0,138240,769.80491118,179.57796578369187
EulerClassic,384,16.0,193536,1022.29309082,189.31557078680953
EulerClassic,384,16.0,276480,1414.11382502,195.5146715265935
EulerClassic,384,16.0,387072,1947.85456224,198.71709495336947
EulerClassic,384,16.0,525312,3300.22491108,159.17460602043982
EulerClassic,384,16.0,801792,5415.04274715,148.06752918469434
EulerClassic,384,16.0,1050624,5120.18073689,205.19275666002164
EulerClassic,384,16.0,1575936,8123.24580279,194.0032393773842
EulerClassic,384,16.0,2101248,15011.57691262,139.97516798075446
EulerClassic,384,16.0,3151872,29276.09161897,107.66027245104277
EulerClassic,384,16.0,4202496,39707.05582878,105.83751205633322
EulerClassic,384,16.0,6303744,59275.0914747,106.34726734568746
EulerClassic,384,16.0,8404992,79093.11797401,106.26704592379176
EulerClassic,384,16.0,12579840,118917.27252439,105.78648276195426
EulerClassic,384,18.0,58368,313.92487613,185.92983365813012
EulerClassic,384,18.0,116736,567.45962663,205.71683785376194
EulerClassic,384,18.0,145920,695.7970966,209.7163105638633
EulerClassic,384,18.0,204288,971.07709538,210.37258624667533
EulerClassic,384,18.0,262656,1246.88742378,210.6493296754454
EulerClassic,384,18.0,408576,1885.42964242,216.70180143958152
EulerClassic,384,18.0,525312,2419.64760694,217.10268821513816
EulerClassic,384,18.0,787968,3917.68615896,201.1309655822906
EulerClassic,384,18.0,1050624,4969.24781799,211.42515698179943
EulerClassic,384,18.0,1575936,7459.89396355,211.25447730225466
EulerClassic,384,18.0,2101248,13389.2714327,156.9352007360325
EulerClassic,384,18.0,3151872,27434.29526415,114.88802499398392
EulerClassic,384,18.0,4202496,37431.17124384,112.27262894402749
EulerClassic,384,18.0,6303744,56160.48890893,112.24517667967899
EulerClassic,384,18.0,8404992,75033.90910408,112.0159152089675
EulerClassic,384,18.0,12578304,112888.1534663,111.42271012303293
EulerClassic,384,20.0,61440,317.27383353,193.64975458712232
EulerClassic,384,20.0,92160,441.41257893,208.78426306608472
EulerClassic,384,20.0,153600,697.80653173,220.11831792287086
EulerClassic,384,20.0,215040,981.27421466,219.14363669946107
EulerClassic,384,20.0,276480,1225.90927644,225.53055541180728
EulerClassic,384,20.0,399360,1759.38801332,226.98801911603329
EulerClassic,384,20.0,522240,2273.6548944,229.69185045904476
EulerClassic,384,20.0,798720,3485.4389104,229.15908742992036
EulerClassic,384,20.0,1044480,4562.62636185,228.92078315536156
EulerClassic,384,20.0,1566720,6846.30328959,228.8417462285439
EulerClassic,384,20.0,2119680,12618.68546226,167.97946238849877
EulerClassic,384,20.0,3164160,25934.15598436,122.0074407629921
EulerClassic,384,20.0,4208640,35359.16163704,119.0254464515159
EulerClassic,384,20.0,6297600,53218.2448994,118.33535682930801
EulerClassic,384,20.0,8386560,70821.84709201,118.41769657750368
EulerClassic,384,20.0,12595200,107496.21547351,117.16877607755224
EulerClassic,512,0.0,61440,600.57037527,102.30274840376244
EulerClassic,512,0.0,102400,937.2028871,109.26129380251672
EulerClassic,512,0.0,143360,1273.33073183,112.58661745638267
EulerClassic,512,0.0,204800,1807.98287825,113.27540900068254
EulerClassic,512,0.0,266240,2328.1732906,114.35574880742082
EulerClassic,512,0.0,389120,3382.78237256,115.02956949179213
EulerClassic,512,0.0,532480,4619.78166754,115.26085826552529
EulerClassic,512,0.0,798720,6948.14092463,114.9544905125155
EulerClassic,512,0.0,1044480,10628.48437916,98.27177260080316
EulerClassic,512,0.0,1576960,25554.22254042,61.71034933681381
EulerClassic,512,0.0,2109440,35553.06217887,59.33216074011449
EulerClassic,512,0.0,3153920,53487.51471259,58.96553647981749
EulerClassic,512,0.0,4198400,70880.50148703,59.23208656711099
EulerClassic,512,0.0,6287360,106920.03965377,58.80431788427894
EulerClassic,512,0.0,8396800,141776.0210904,59.22581220308042
EulerClassic,512,0.0,12595200,213202.75562457,59.07615951352412
EulerClassic,512,2.0,67584,593.15143932,113.94054792732118
EulerClassic,512,2.0,112640,935.86362492,120.35941669346188
EulerClassic,512,2.0,135168,1094.46599267,123.50132476044455
EulerClassic,512,2.0,202752,1630.54800034,124.34592539301043
EulerClassic,512,2.0,270336,2171.56197808,124.4891938285912
EulerClassic,512,2.0,405504,3209.23584158,126.35531323256025
EulerClassic,512,2.0,540672,4268.77346906,126.65745885060001
EulerClassic,512,2.0,788480,6227.82109,126.60607756797329
EulerClassic,512,2.0,1058816,9138.83560354,115.85896124336227
EulerClassic,512,2.0,1576960,22140.51476392,71.22508292218214
EulerClassic,512,2.0,2095104,32015.33946124,65.4406304995291
EulerClassic,512,2.0,3153920,48440.15000083,65.10962496907956
EulerClassic,512,2.0,4190208,64459.18126539,65.00560382155899
EulerClassic,512,2.0,6307840,97652.00727635,64.59508796525961
EulerClassic,512,2.0,8402944,128993.99835412,65.14213147290673
EulerClassic,512,2.0,12593152,194347.65802728,64.79703500328435
EulerClassic,512,4.0,73728,628.33200801,117.33923954233222
EulerClassic,512,4.0,98304,826.5842091,118.92799174936478
EulerClassic,512,4.0,147456,1096.23692252,134.5110687031341
EulerClassic,512,4.0,196608,1469.51614727,133.79097627831405
EulerClassic,512,4.0,270336,1973.13724865,137.0082087219027
EulerClassic,512,4.0,393216,2883.59165192,136.36327450808872
EulerClassic,512,4.0,540672,3888.17492398,139.0554721870793
EulerClassic,512,4.0,786432,5670.6607125,138.68436851925304
EulerClassic,512,4.0,1056768,7707.98470757,137.10042768535203
EulerClassic,512,4.0,1572864,18992.777651,82.81379527007658
EulerClassic,512,4.0,2113536,29291.33566943,72.15567169256126
EulerClassic,512,4.0,3145728,44607.73199254,70.51979241011576
EulerClassic,512,4.0,4202496,59314.92909517,70.85056096513496
EulerClassic,512,4.0,6291456,89205.08965578,70.52799368597853
EulerClassic,512,4.0,8404992,118360.7447364,71.01165186750617
EulerClassic,512,4.0,12582912,177676.30143597,70.81930397191749
EulerClassic,512,6.0,79872,593.63438866,134.54746141020166
EulerClassic,512,6.0,106496,775.86763555,137.2605263067929
EulerClassic,512,6.0,133120,936.21470711,142.18960564177416
EulerClassic,512,6.0,212992,1461.54399352,145.73081682408173
EulerClassic,512,6.0,266240,1813.1685257,146.83687491057358
EulerClassic,512,6.0,399360,2678.75107852,149.08440101147616
EulerClassic,512,6.0,532480,3549.0027341,150.03651445059617
EulerClassic,512,6.0,798720,5336.17383783,149.6802810915932
EulerClassic,512,6.0,1064960,7156.75271641,148.80491784466875
EulerClassic,512,6.0,1570816,15886.90488989,98.87489167255134
EulerClassic,512,6.0,2103296,26663.28729282,78.88359664362856
EulerClassic,512,6.0,3141632,40819.90727511,76.96323215108366
EulerClassic,512,6.0,4206592,54915.27943177,76.60148584378086
EulerClassic,512,6.0,6309888,82210.35545522,76.752958493617
EulerClassic,512,6.0,8386560,109761.91837136,76.40682783645927
EulerClassic,512,6.0,12593152,163526.0972543,77.01004433816057
EulerClassic,512,8.0,86016,598.22546352,143.78525362975344
EulerClassic,512,8.0,114688,769.11618493,149.1166123495869
EulerClassic,512,8.0,143360,925.18125881,154.95341981353423
EulerClassic,512,8.0,200704,1308.24891004,153.41423062516705
EulerClassic,512,8.0,258048,1617.10362001,159.5741898088165
EulerClassic,512,8.0,401408,2505.11945378,160.23507357875147
EulerClassic,512,8.0,544768,3397.75180817,160.3318990781164
EulerClassic,512,8.0,802816,4976.83130611,161.3106715138992
EulerClassic,512,8.0,1060864,6556.26799843,161.8091268163596
EulerClassic,512,8.0,1576960,13549.81127652,116.38243277473978
EulerClassic,512,8.0,2093056,23745.51508643,88.14531891102804
EulerClassic,512,8.0,3153920,38061.62838502,82.8635067342861
EulerClassic,512,8.0,4214784,51725.5428921,81.48361069485692
EulerClassic,512,8.0,6307840,76678.8552891,82.26309555897436
EulerClassic,512,8.0,8400896,101515.79765839,82.75456819311796
EulerClassic,512,8.0,12587008,152181.4060211,82.71055136824539
EulerClassic,512,10.0,61440,425.61197281,144.35684126637057
EulerClassic,512,10.0,92160,603.90602459,152.606525266193
EulerClassic,512,10.0,153600,921.98493264,166.597082622797
EulerClassic,512,10.0,215040,1291.81220315,166.46382459899277
EulerClassic,512,10.0,276480,1619.8536266,170.68208846765933
EulerClassic,512,10.0,399360,2341.37379039,170.5665287785933
EulerClassic,512,10.0,522240,3034.52214328,172.0995844952093
EulerClassic,512,10.0,798720,4764.04073022,167.65599734138203
EulerClassic,512,10.0,1044480,6018.6958313,173.5392565559172
EulerClassic,512,10.0,1566720,11280.80563112,138.88369778111763
EulerClassic,512,10.0,2119680,21906.56033429,96.76005578484623
EulerClassic,512,10.0,3164160,35591.54818274,88.90200515453971
EulerClassic,512,10.0,4208640,47315.43202833,88.94856962269915
EulerClassic,512,10.0,6297600,70922.3463752,88.79570857235673
EulerClassic,512,10.0,8386560,95088.23910625,88.1976580787136
EulerClassic,512,10.0,12595200,141935.5312694,88.7388794571371
EulerClassic,512,12.0,65536,436.42980402,150.1638966824473
EulerClassic,512,12.0,98304,602.38396038,163.1915961673136
EulerClassic,512,12.0,131072,748.22274121,175.1777816697136
EulerClassic,512,12.0,196608,1105.12690111,177.90536073506584
EulerClassic,512,12.0,262144,1471.69182517,178.12424824043504
EulerClassic,512,12.0,393216,2172.26561633,181.01653731661543
EulerClassic,512,12.0,524288,2841.2788998,184.5253558307511
EulerClassic,512,12.0,786432,4284.14327448,183.5680904242063
EulerClassic,512,12.0,1048576,5698.95653291,183.99438457632462
EulerClassic,512,12.0,1572864,9896.08799327,158.93795619740368
EulerClassic,512,12.0,2097152,19079.84274084,109.91453276032986
EulerClassic,512,12.0,3145728,33170.43529857,94.83529449297322
EulerClassic,512,12.0,4194304,44630.98382949,93.9774040389539
EulerClassic,512,12.0,6291456,67325.70492137,93.44805237981275
EulerClassic,512,12.0,8388608,88646.7754624,94.62958981015697
EulerClassic,512,12.0,12582912,132675.68527567,94.83962320492682
EulerClassic,512,14.0,69632,443.79854202,156.90001973206572
EulerClassic,512,14.0,104448,616.41762473,169.44356522211666
EulerClassic,512,14.0,139264,755.95929406,184.22155940706867
EulerClassic,512,14.0,208896,1108.03200982,188.52884948146507
EulerClassic,512,14.0,278528,1459.19669758,190.87762497127622
EulerClassic,512,14.0,417792,2166.66416688,192.82729939712863
EulerClassic,512,14.0,522240,2669.13071546,195.65920731236903
EulerClassic,512,14.0,800768,4119.92380836,194.36475945868477
EulerClassic,512,14.0,1044480,5324.72402399,196.1566449818248
EulerClassic,512,14.0,1566720,9025.61127056,173.5860268113222
EulerClassic,512,14.0,2088960,15772.75397561,132.44104379173334
EulerClassic,512,14.0,3168256,31761.21711731,99.75234854187269
EulerClassic,512,14.0,4212736,41933.20963599,100.46299905419919
EulerClassic,512,14.0,6301696,62553.83166399,100.74036765405148
EulerClassic,512,14.0,8390656,83341.42307801,100.6780984786653
EulerClassic,512,14.0,12603392,125920.48579995,100.09008399175828
EulerClassic,512,16.0,73728,474.62068905,155.34088947444295
EulerClassic,512,16.0,110592,667.04780405,165.79321501178399
EulerClassic,512,16.0,147456,810.75234847,181.87551387087504
EulerClassic,512,16.0,221184,1149.43621375,192.4282507842641
EulerClassic,512,16.0,258048,1322.05798409,195.18659779330315
EulerClassic,512,16.0,405504,2050.28581619,197.7792543839273
EulerClassic,512,16.0,516096,2533.61472216,203.69947943782438
EulerClassic,512,16.0,811008,3990.23181742,203.24834172776977
EulerClassic,512,16.0,1069056,5168.00819744,206.8603529943243
EulerClassic,512,16.0,1585152,7961.32183075,199.1066350159933
EulerClassic,512,16.0,2101248,15806.36379935,132.936836496602
EulerClassic,512,16.0,3170304,29398.76963875,107.83798230186062
EulerClassic,512,16.0,4202496,39494.26598982,106.4077504588446
EulerClassic,512,16.0,6303744,59248.98199601,106.39413180845052
EulerClassic,512,16.0,8404992,78928.99491569,106.48801506946852
EulerClassic,512,16.0,12607488,119096.0218256,105.85985834574693
EulerClassic,512,18.0,77824,399.96056123,194.57918490930106
EulerClassic,512,18.0,116736,566.32453745,206.12915789527565
EulerClassic,512,18.0,155648,742.46653644,209.63638408042675
EulerClassic,512,18.0,194560,920.06254196,211.4638854718841
EulerClassic,512,18.0,272384,1268.24361628,214.77261663571716
EulerClassic,512,18.0,389120,1808.84872783,215.12025522820306
EulerClassic,512,18.0,544768,2497.88054553,218.09209450582884
EulerClassic,512,18.0,778240,3587.00669895,216.960843766422
EulerClassic,512,18.0,1050624,4777.10147337,219.9291779453951
EulerClassic,512,18.0,1595392,7657.12634,208.35388227380352
EulerClassic,512,18.0,2101248,14013.48746906,149.94468754757077
EulerClassic,512,18.0,3151872,27475.42294589,114.7160502754511
EulerClassic,512,18.0,4202496,37465.99036997,112.16828805274059
EulerClassic,512,18.0,6303744,56094.76379914,112.37669210217165
EulerClassic,512,18.0,8404992,74669.68562385,112.56230597166714
EulerClassic,512,18.0,12607488,112351.30418429,112.2148789596596
EulerClassic,512,20.0,81920,400.90725639,204.33653593016723
EulerClassic,512,20.0,122880,570.54619356,215.3725699811853
EulerClassic,512,20.0,122880,569.57487627,215.73985286132992
EulerClassic,512,20.0,204800,918.05453734,223.080428961654
EulerClassic,512,20.0,286720,1266.95234125,226.3068551711396
EulerClassic,512,20.0,409600,1820.59014927,224.98199287974663
EulerClassic,512,20.0,532480,2320.72015242,229.44601891992045
EulerClassic,512,20.0,778240,3396.95579355,229.09924276250226
EulerClassic,512,20.0,1064960,4597.45454788,231.64122427073897
EulerClassic,512,20.0,1597440,6992.93474717,228.4362800105456
EulerClassic,512,20.0,2088960,11488.73944716,181.82673648468787
EulerClassic,512,20.0,3153920,25554.79964343,123.4179114689657
EulerClassic,512,20.0,4218880,35704.63163202,118.16058049501058
EulerClassic,512,20.0,6307840,53373.81583993,118.18229408437725
EulerClassic,512,20.0,8396800,71697.27325439,117.11463517178969
EulerClassic,512,20.0,12574720,106348.48434274,118.24070721566825
EulerClassic,768,0.0,61440,582.51272548,105.47409062930332
EulerClassic,768,0.0,92160,858.48491842,107.35191501047686
EulerClassic,768,0.0,153600,1361.9093028,112.78284073998763
EulerClassic,768,0.0,215040,1921.08019915,111.93702381355368
EulerClassic,768,0.0,276480,2411.80272536,114.63624163486712
EulerClassic,768,0.0,399360,3509.36946002,113.79822060619517
EulerClassic,768,0.0,522240,4505.89509444,115.90149993603097
EulerClassic,768,0.0,798720,6932.85690654,115.2079165584018
EulerClassic,768,0.0,1044480,11689.1671094,89.35452716387873
EulerClassic,768,0.0,1566720,25292.88729754,61.94310604279568
EulerClassic,768,0.0,2119680,35610.23326353,59.52446265413423
EulerClassic,768,0.0,3164160,53529.76291829,59.11029355444563
EulerClassic,768,0.0,4208640,71923.85712536,58.515215509987634
EulerClassic,768,0.0,6297600,106788.14324464,58.97283919969359
EulerClassic,768,0.0,8386560,141906.69965742,59.099112446742645
EulerClassic,768,0.0,12595200,213152.52364763,59.09008152688622
EulerClassic,768,2.0,67584,620.2843406,108.95648265862414
EulerClassic,768,2.0,101376,869.48126013,116.59365721676718
EulerClassic,768,2.0,135168,1114.75602063,121.25343797076812
EulerClassic,768,2.0,202752,1663.43290156,121.88769370249634
EulerClassic,768,2.0,270336,2191.70089201,123.34529815885412
EulerClassic,768,2.0,405504,3209.92799239,126.32806747109487
EulerClassic,768,2.0,540672,4267.78437874,126.68681264530646
EulerClassic,768,2.0,811008,6367.51127243,127.36655897438236
EulerClassic,768,2.0,1047552,8909.7625559,117.57350360659345
EulerClassic,768,2.0,1588224,22191.80549275,71.56803895558963
EulerClassic,768,2.0,2095104,31924.15510524,65.62754732563343
EulerClassic,768,2.0,3142656,48389.54071565,64.94494375276456
EulerClassic,768,2.0,4190208,65271.79310538,64.19630594849744
EulerClassic,768,2.0,6285312,96570.52963429,65.08519756288288
EulerClassic,768,2.0,8380416,128750.31562284,65.09045014343509
EulerClassic,768,2.0,12604416,193987.75668576,64.97531707847854
EulerClassic,768,4.0,73728,588.92999996,125.18975091268501
EulerClassic,768,4.0,110592,848.88688001,130.27884233373615
EulerClassic,768,4.0,147456,1111.27779701,132.69049412914086
EulerClassic,768,4.0,221184,1634.290175,135.33949073639874
EulerClassic,768,4.0,258048,1881.81491332,137.12719469564502
EulerClassic,768,4.0,405504,2949.48759946,137.4828631502776
EulerClassic,768,4.0,516096,3725.34639185,138.53637909459144
EulerClassic,768,4.0,811008,5912.25142912,137.17413911145408
EulerClassic,768,4.0,1069056,7832.21270821,136.49476078188965
EulerClassic,768,4.0,1585152,19497.91964617,81.29851947109512
EulerClassic,768,4.0,2101248,29083.2789161,72.24935008400259
EulerClassic,768,4.0,3170304,44591.01421182,71.09737367578487
EulerClassic,768,4.0,4202496,59202.35434445,70.98528507074428
EulerClassic,768,4.0,6303744,89370.59107693,70.53488092714696
EulerClassic,768,4.0,8404992,118289.38380153,71.05449136587087
EulerClassic,768,4.0,12607488,177901.13999625,70.86794384940846
EulerClassic,768,6.0,79872,606.4361659,131.707184517044
EulerClassic,768,6.0,119808,868.99072474,137.87028628625038
EulerClassic,768,6.0,159744,1104.575634,144.62024607723694
EulerClassic,768,6.0,199680,1384.24656608,144.251757521398
EulerClassic,768,6.0,279552,1885.61873002,148.25478531231758
EulerClassic,768,6.0,399360,3175.46619068,125.76421099116799
EulerClassic,768,6.0,519168,3470.4096534,149.59847737034883
EulerClassic,768,6.0,798720,5359.3674573,149.03251295300953
EulerClassic,768,6.0,1078272,7270.68363536,148.30407346510967
EulerClassic,768,6.0,1597440,16406.33492036,97.36726744604015
EulerClassic,768,6.0,2116608,26820.01980868,78.91895737209647
EulerClassic,768,6.0,3154944,40997.9240244,76.95375010018381
EulerClassic,768,6.0,4193280,54736.63837259,76.60828513904195
EulerClassic,768,6.0,6309888,82051.53599651,76.90152199306038
EulerClassic,768,6.0,8386560,109655.53418072,76.4809552263761
EulerClassic,768,6.0,12579840,163316.03032891,77.02758862473485
EulerClassic,768,8.0,86016,598.00308401,143.83872307682216
EulerClassic,768,8.0,129024,858.21671919,150.339648616698
EulerClassic,768,8.0,129024,829.14035971,155.61177126286245
EulerClassic,768,8.0,215040,1370.81965533,156.86965033210953
EulerClassic,768,8.0,258048,1647.65184576,156.61561067287982
EulerClassic,768,8.0,387072,2416.58743945,160.17297519683174
EulerClassic,768,8.0,516096,3205.17197522,161.0197530709957
EulerClassic,768,8.0,817152,5046.06108232,161.9385866855782
EulerClassic,768,8.0,1075200,6697.9598132,160.52649313915714
EulerClassic,768,8.0,1591296,14248.64764647,111.68049343926559
EulerClassic,768,8.0,2107392,24102.43654251,87.43481167487553
EulerClassic,768,8.0,3139584,38663.02837025,81.20377870906285
EulerClassic,768,8.0,4214784,50939.85488197,82.74040061099211
EulerClassic,768,8.0,6322176,76089.42963859,83.08875529793175
EulerClassic,768,8.0,8386560,101023.17346225,83.01620026947442
EulerClassic,768,8.0,12601344,152519.92182296,82.62097075178951
EulerClassic,768,10.0,92160,600.86180947,153.3796932131387
EulerClassic,768,10.0,92160,600.70909153,153.41868684768764
EulerClassic,768,10.0,138240,843.19600192,163.94764643715166
EulerClassic,768,10.0,230400,1378.25398012,167.16802804367003
EulerClassic,768,10.0,276480,1624.56091967,170.1875236886542
EulerClassic,768,10.0,414720,2436.51489778,170.2103280295421
EulerClassic,768,10.0,552960,3194.22851909,173.1122230908927
EulerClassic,768,10.0,783360,4554.31526357,172.00390281852074
EulerClassic,768,10.0,1059840,6127.34525854,172.968872371415
EulerClassic,768,10.0,1566720,11451.54545524,136.8129748184425
EulerClassic,768,10.0,2119680,21781.64941614,97.31494431405808
EulerClassic,768,10.0,3179520,35731.46018115,88.98376903380354
EulerClassic,768,10.0,4193280,47110.37982593,89.00968354519567
EulerClassic,768,10.0,6312960,70937.96439604,88.9926861272102
EulerClassic,768,10.0,8386560,95205.9594501,88.08860336516668
EulerClassic,768,10.0,12579840,141252.657977,89.059138285726
EulerClassic,768,12.0,98304,602.03508897,163.2861635493452
EulerClassic,768,12.0,98304,604.40254211,162.6465693820806
EulerClassic,768,12.0,147456,836.95836501,176.1808067934636
EulerClassic,768,12.0,196608,1104.62635214,177.98597654230318
EulerClassic,768,12.0,294912,1631.12562353,180.8027510240237
EulerClassic,768,12.0,393216,2171.84201154,181.05184350917872
EulerClassic,768,12.0,540672,2943.69870966,183.67097088629976
EulerClassic,768,12.0,786432,4300.76161298,182.85877497290087
EulerClassic,768,12.0,1081344,5860.16217145,184.52458624237005
EulerClassic,768,12.0,1572864,10291.91767086,152.82516342443404
EulerClassic,768,12.0,2113536,19036.43980893,111.02580215700519
EulerClassic,768,12.0,3145728,33263.41199875,94.5702142678031
EulerClassic,768,12.0,4227072,45636.30814985,92.62519628275176
EulerClassic,768,12.0,6291456,66806.56506798,94.1742176625611
EulerClassic,768,12.0,8404992,88802.9698025,94.64764544128322
EulerClassic,768,12.0,12582912,132915.74053329,94.668336116658
EulerClassic,768,14.0,104448,616.23092131,169.49490262183156
EulerClassic,768,14.0,104448,617.90947481,169.0344690573268
EulerClassic,768,14.0,156672,843.47434477,185.74601702049583
EulerClassic,768,14.0,208896,1126.33453716,185.46532411828684
EulerClassic,768,14.0,261120,1356.32597316,192.52009116336282
EulerClassic,768,14.0,417792,2170.48380592,192.4879599932841
EulerClassic,768,14.0,522240,3173.4568856,164.5650213083834
EulerClassic,768,14.0,783360,5557.28123405,140.9610143896043
EulerClassic,768,14.0,1044480,5295.32762007,197.2455860976913
EulerClassic,768,14.0,1566720,8773.83366498,178.56732413943834
EulerClassic,768,14.0,2088960,17325.89617642,120.56865507730613
EulerClassic,768,14.0,3133440,33387.97343861,93.84936182968434
EulerClassic,768,14.0,4230144,42064.9950721,100.56209427219648
EulerClassic,768,14.0,6319104,62845.15307166,100.55037964176107
EulerClassic,768,14.0,8408064,83577.31745459,100.6022238577871
EulerClassic,768,14.0,12585984,125519.2743648,100.271325369688
EulerClassic,768,16.0,55296,371.87268517,148.69605164660499
EulerClassic,768,16.0,110592,666.9885462,165.80794472419385
EulerClassic,768,16.0,165888,898.95816283,184.5336155330854
EulerClassic,768,16.0,221184,1150.54945512,192.24206227356908
EulerClassic,768,16.0,276480,1400.31779896,197.44089534914042
EulerClassic,768,16.0,387072,1946.87362151,198.81721942474417
EulerClassic,768,16.0,552960,2712.05035123,203.89001986973258
EulerClassic,768,16.0,774144,3797.28273912,203.86788479685444
EulerClassic,768,16.0,1050624,5079.44198088,206.8384684685348
EulerClassic,768,16.0,1603584,8237.26220564,194.67439058842106
EulerClassic,768,16.0,2101248,15689.76090171,133.9247942121915
EulerClassic,768,16.0,3151872,29167.75690425,108.06014361497728
EulerClassic,768,16.0,4202496,39602.99548235,106.11560940820601
EulerClassic,768,16.0,6303744,59220.79203345,106.44477697021381
EulerClassic,768,16.0,8404992,79137.85162838,106.20697715511203
EulerClassic,768,16.0,12607488,118386.4861835,106.4943171001654
EulerClassic,768,18.0,58368,340.91620012,171.20922965659858
EulerClassic,768,18.0,116736,569.09218701,205.12669592835007
EulerClassic,768,18.0,116736,565.7565377,206.33610435077435
EulerClassic,768,18.0,233472,1108.6954637,210.5826240335144
EulerClassic,768,18.0,291840,1357.41693323,214.99658126818932
EulerClassic,768,18.0,408576,1879.38560139,217.39870716143395
EulerClassic,768,18.0,525312,2422.46996273,216.849747605539
EulerClassic,768,18.0,817152,3722.29181636,219.52926861040316
EulerClassic,768,18.0,1050624,4785.57729721,219.5396573392547
EulerClassic,768,18.0,1575936,7331.68814399,214.9485860622483
EulerClassic,768,18.0,2101248,13451.1790709,156.2129229656749
EulerClassic,768,18.0,3151872,27260.95130227,115.61856242843388
EulerClassic,768,18.0,4202496,37437.3197989,112.25418973832309
EulerClassic,768,18.0,6303744,56305.90490861,111.95529154946705
EulerClassic,768,18.0,8404992,75549.92563073,111.25083088872377
EulerClassic,768,18.0,12607488,111812.07765231,112.75604804701108
EulerClassic,768,20.0,61440,333.05710012,184.47287260311597
EulerClassic,768,20.0,122880,602.81385075,203.84402224188608
EulerClassic,768,20.0,122880,602.54235701,203.9358703507057
EulerClassic,768,20.0,184320,830.18671383,222.0223438046297
EulerClassic,768,20.0,307200,1375.06112185,223.4082508177489
EulerClassic,768,20.0,430080,1918.31454364,224.19680934281175
EulerClassic,768,20.0,552960,2463.78673207,224.43501006088277
EulerClassic,768,20.0,798720,3493.8230948,228.60917062136537
EulerClassic,768,20.0,1044480,4504.84453548,231.85705783489567
EulerClassic,768,20.0,1597440,6962.98092062,229.4189827907442
EulerClassic,768,20.0,2088960,12166.86365821,171.6925625767495
EulerClassic,768,20.0,3133440,25355.87510195,123.57846011629162
EulerClassic,768,20.0,4239360,35743.76656792,118.60417653367348
EulerClassic,768,20.0,6328320,53441.68329238,118.41543174038317
EulerClassic,768,20.0,8417280,71751.00855393,117.3123579673914
EulerClassic,768,20.0,12595200,106276.02473171,118.51403015681221
