64,0.0000,33792,10.86062067
64,0.0000,66048,16.09097742
64,0.0000,132096,28.79732168
64,0.0000,262656,56.36357293
64,0.0000,525312,107.34457408
64,0.0000,1049088,209.24497516
64,0.0000,2098176,725.77664547
64,0.0000,4194816,9772.27347170
64,0.0000,8389632,22026.09169187
64,0.0000,16777728,45348.02340518
64,1.0000,33280,43.79530690
64,1.0000,66560,47.10069765
64,1.0000,131456,62.91089374
64,1.0000,262912,81.60633369
64,1.0000,524160,134.33286112
64,1.0000,1048320,218.29575065
64,1.0000,2098304,818.49465333
64,1.0000,4194944,7363.99701018
64,1.0000,8388224,21773.63452334
64,1.0000,16778112,44033.45695247
64,2.0000,34048,44.88581980
64,2.0000,66304,50.90349901
64,2.0000,130816,57.74142301
64,2.0000,263424,77.25248288
64,2.0000,525056,125.73181731
64,2.0000,1048320,212.71593105
64,2.0000,2098432,644.66662579
64,2.0000,4195072,5987.06439571
64,2.0000,8388352,22553.44736542
64,2.0000,16778496,34669.81511726
64,3.0000,32640,45.23156369
64,3.0000,65280,51.46725489
64,3.0000,132480,55.10189261
64,3.0000,263040,75.15308345
64,3.0000,524160,118.41707999
64,3.0000,1048320,187.03249762
64,3.0000,2098560,406.92010530
64,3.0000,4195200,4149.31126898
64,3.0000,8388480,20734.69963947
64,3.0000,16776960,38147.95930056
64,4.0000,32768,47.24719121
64,4.0000,65536,51.58065927
64,4.0000,131072,53.29648157
64,4.0000,262144,73.57164426
64,4.0000,524288,107.87021064
64,4.0000,1048576,188.96339965
64,4.0000,2097152,341.85371784
64,4.0000,4194304,3165.95430434
64,4.0000,8388608,17256.10317367
64,4.0000,16777216,34765.99380620
64,5.0000,32640,49.32978382
64,5.0000,65280,52.79451761
64,5.0000,130560,56.00288169
64,5.0000,263296,71.66963567
64,5.0000,524416,115.19488901
64,5.0000,1048832,171.24547349
64,5.0000,2097664,336.46935809
64,5.0000,4195328,1553.95520304
64,5.0000,8388480,14560.88550615
64,5.0000,16776960,32001.98910068
64,6.0000,32256,50.91079389
64,6.0000,66816,53.65402600
64,6.0000,131328,59.20037498
64,6.0000,262656,72.76541709
64,6.0000,525312,114.32527268
64,6.0000,1048320,174.20087692
64,6.0000,2096640,319.08687717
64,6.0000,4195584,1367.44436080
64,6.0000,8388864,15595.44005355
64,6.0000,16777728,30952.73510979
64,7.0000,34048,49.84490717
64,7.0000,65664,53.28718418
64,7.0000,131328,62.27507113
64,7.0000,262656,74.11299104
64,7.0000,525312,118.54993738
64,7.0000,1048192,185.87282641
64,7.0000,2098816,322.47744635
64,7.0000,4195200,3288.99800640
64,7.0000,8390400,16778.13998176
64,7.0000,16778368,26787.58315403
64,8.0000,33280,49.98479721
64,8.0000,66560,53.72263601
64,8.0000,130560,63.11557946
64,8.0000,263680,86.75723347
64,8.0000,524800,124.67031705
64,8.0000,1049600,200.14547179
64,8.0000,2096640,346.95159863
64,8.0000,4195840,1025.99779733
64,8.0000,8389120,11499.89180464
64,8.0000,16778240,27533.46954009
64,9.0000,32256,51.04939659
64,9.0000,67200,54.29835930
64,9.0000,131712,64.86091503
64,9.0000,263424,92.47305727
64,9.0000,524160,131.58593389
64,9.0000,1048320,210.36438150
64,9.0000,2096640,368.31887147
64,9.0000,4195968,3136.43943833
64,9.0000,8389248,12074.32936650
64,9.0000,16778496,25536.74612340
64,10.0000,33792,51.34135863
64,10.0000,67584,56.05790320
64,10.0000,132352,63.95470511
64,10.0000,261888,93.49023994
64,10.0000,523776,135.70751670
64,10.0000,1050368,222.47755197
64,10.0000,2097920,387.11458024
64,10.0000,4195840,1823.46944367
64,10.0000,8388864,11498.41463932
64,10.0000,16777728,22128.28367356
64,11.0000,32384,51.62223531
64,11.0000,67712,55.32615054
64,11.0000,132480,63.41416888
64,11.0000,262016,96.93549688
64,11.0000,524032,140.36965959
64,11.0000,1048064,229.21306159
64,11.0000,2099072,404.80542476
64,11.0000,4195200,1147.76921051
64,11.0000,8390400,9001.94268503
64,11.0000,16777856,23922.79959931
64,12.0000,33792,52.15278281
64,12.0000,67584,55.63222555
64,12.0000,132096,64.91851120
64,12.0000,264192,97.19768341
64,12.0000,525312,152.94190681
64,12.0000,1050624,237.39877408
64,12.0000,2098176,420.25366612
64,12.0000,4196352,845.22666603
64,12.0000,8389632,8343.19227017
64,12.0000,16779264,25722.65723600
128,0.0000,33792,11.48685981
128,0.0000,67584,17.58015784
128,0.0000,132096,26.91300198
128,0.0000,264192,59.05419132
128,0.0000,525312,117.13449245
128,0.0000,1050624,214.94239488
128,0.0000,2098176,876.89111357
128,0.0000,4196352,8617.17257401
128,0.0000,8389632,19916.63261862
128,0.0000,16779264,41240.62095401
128,1.0000,33280,44.37737150
128,1.0000,66560,45.56433891
128,1.0000,133120,59.19029088
128,1.0000,262912,84.32086307
128,1.0000,525824,129.35205598
128,1.0000,1048320,230.12499299
128,1.0000,2096640,456.67644883
128,1.0000,4196608,6313.79833246
128,1.0000,8389888,18653.20758288
128,1.0000,16776448,41743.13119931
128,2.0000,32256,44.72833623
128,2.0000,68096,49.36847528
128,2.0000,132608,56.04100101
128,2.0000,261632,80.39824451
128,2.0000,526848,127.69721506
128,2.0000,1050112,211.91032371
128,2.0000,2096640,478.92809462
128,2.0000,4196864,6491.02157789
128,2.0000,8390144,21974.39207362
128,2.0000,16776704,39140.29716719
128,3.0000,34560,47.74462568
128,3.0000,65280,50.51615524
128,3.0000,130560,54.15949437
128,3.0000,264960,78.02931598
128,3.0000,526080,122.11558366
128,3.0000,1048320,200.64602922
128,3.0000,2096640,357.87582302
128,3.0000,4197120,3468.40344576
128,3.0000,8390400,16602.89481668
128,3.0000,16776960,34382.08558753
128,4.0000,32768,48.00628774
128,4.0000,65536,52.73232042
128,4.0000,131072,53.77782439
128,4.0000,262144,73.08777446
128,4.0000,524288,113.23399692
128,4.0000,1048576,191.67111094
128,4.0000,2097152,367.88260909
128,4.0000,4194304,2083.29548896
128,4.0000,8388608,17692.69403130
128,4.0000,16777216,31947.79072413
128,5.0000,34816,50.51236476
128,5.0000,65280,52.80731940
128,5.0000,130560,56.44825074
128,5.0000,261120,72.59346297
128,5.0000,526592,107.43056306
128,5.0000,1048832,184.36507504
128,5.0000,2097664,310.34625324
128,5.0000,4195328,2585.60135846
128,5.0000,8390656,17215.35035580
128,5.0000,16776960,34860.03359370
128,6.0000,32256,49.71002343
128,6.0000,64512,53.21857417
128,6.0000,133632,61.38755135
128,6.0000,262656,72.46785278
128,6.0000,525312,112.47246876
128,6.0000,1050624,174.50015767
128,6.0000,2096640,303.97870590
128,6.0000,4193280,1028.27697024
128,6.0000,8391168,15387.27238421
128,6.0000,16777728,30387.88411561
128,7.0000,34048,50.18588317
128,7.0000,68096,53.53585373
128,7.0000,131328,62.43894367
128,7.0000,262656,73.95720007
128,7.0000,525312,118.55303651
128,7.0000,1050624,188.59324414
128,7.0000,2096384,327.22867736
128,7.0000,4197632,4370.72572345
128,7.0000,8390400,14962.54993718
128,7.0000,16780800,25161.19678716
128,8.0000,35840,51.43736019
128,8.0000,66560,53.79532256
128,8.0000,133120,64.78801392
128,8.0000,261120,80.82771263
128,8.0000,527360,124.51223750
128,8.0000,1049600,200.91689333
128,8.0000,2099200,354.19817889
128,8.0000,4193280,2428.86921368
128,8.0000,8391680,11444.78893461
128,8.0000,16778240,26237.42335487
128,9.0000,32256,51.89371924
128,9.0000,64512,54.15398745
128,9.0000,134400,64.44174556
128,9.0000,263424,91.46424225
128,9.0000,526848,130.87501694
128,9.0000,1048320,213.42186555
128,9.0000,2096640,373.16808271
128,9.0000,4193280,1290.06960525
128,9.0000,8391936,11206.46254276
128,9.0000,16778496,23553.06249370
128,10.0000,33792,51.32257313
128,10.0000,67584,54.86950542
128,10.0000,135168,64.94180237
128,10.0000,264704,93.62455154
128,10.0000,523776,135.84170910
128,10.0000,1047552,223.82090633
128,10.0000,2100736,394.87251722
128,10.0000,4195840,1319.51686252
128,10.0000,8391680,9739.44456121
128,10.0000,16777728,25230.47975774
128,11.0000,35328,52.07549523
128,11.0000,64768,55.14289651
128,11.0000,135424,64.65053167
128,11.0000,264960,95.26809255
128,11.0000,524032,139.04180089
128,11.0000,1048064,232.80662389
128,11.0000,2096128,411.15609375
128,11.0000,4198144,1438.68402772
128,11.0000,8390400,10966.84443284
128,11.0000,16780800,24297.95610870
128,12.0000,36864,52.50813401
128,12.0000,67584,55.73332876
128,12.0000,135168,66.28327341
128,12.0000,264192,97.16898069
128,12.0000,528384,149.76682263
128,12.0000,1050624,238.52514155
128,12.0000,2101248,429.07877715
128,12.0000,4196352,804.05360591
128,12.0000,8392704,9120.90671407
128,12.0000,16779264,23482.92390057
192,0.0000,32256,12.36625033
192,0.0000,64512,39.30745441
192,0.0000,133632,32.11868488
192,0.0000,262656,55.38346064
192,0.0000,525312,108.72974287
192,0.0000,1050624,215.61373831
192,0.0000,2096640,1263.14568479
192,0.0000,4193280,8031.01018672
192,0.0000,8391168,24056.14488638
192,0.0000,16777728,41840.70001566
192,1.0000,34944,44.60735090
192,1.0000,64896,44.79432390
192,1.0000,134784,60.08820467
192,1.0000,264576,82.80891595
192,1.0000,524160,125.95190333
192,1.0000,1048320,229.67213834
192,1.0000,2096640,1233.49915337
192,1.0000,4193280,7683.46005041
192,1.0000,8391552,23954.56274228
192,1.0000,16778112,42332.42144479
192,2.0000,32256,45.72613742
192,2.0000,64512,49.23046857
192,2.0000,134400,56.89700500
192,2.0000,263424,85.46546774
192,2.0000,526848,120.97889370
192,2.0000,1048320,211.09069875
192,2.0000,2096640,597.02288877
192,2.0000,4193280,7076.84229784
192,2.0000,8391936,23315.01438003
192,2.0000,16778496,33625.80302143
192,3.0000,34560,47.01940504
192,3.0000,69120,50.96610147
192,3.0000,132480,57.29345545
192,3.0000,264960,77.21007246
192,3.0000,524160,118.73722029
192,3.0000,1048320,201.51245107
192,3.0000,2096640,516.94130399
192,3.0000,4193280,2864.44925377
192,3.0000,8392320,18812.24176262
192,3.0000,16778880,35491.24898702
192,4.0000,36864,49.11088977
192,4.0000,67584,51.71902358
192,4.0000,135168,54.17408413
192,4.0000,264192,74.47554176
192,4.0000,528384,112.60513544
192,4.0000,1050624,195.54752861
192,4.0000,2101248,382.85072345
192,4.0000,4196352,4671.42964849
192,4.0000,8392704,14663.66134040
192,4.0000,16779264,34448.43105812
192,5.0000,32640,49.37407756
192,5.0000,65280,52.94148796
192,5.0000,130560,56.47685811
192,5.0000,261120,71.30646513
192,5.0000,528768,110.26366998
192,5.0000,1051008,170.99248899
192,5.0000,2102016,319.79572009
192,5.0000,4197504,4864.49544018
192,5.0000,8388480,14766.06008184
192,5.0000,16776960,36537.15326958
192,6.0000,34560,49.28348756
192,6.0000,69120,53.18498435
192,6.0000,131328,60.82231743
192,6.0000,262656,71.74732852
192,6.0000,525312,109.71943863
192,6.0000,1050624,173.63971954
192,6.0000,2101248,301.49785105
192,6.0000,4195584,1409.91240498
192,6.0000,8391168,15172.54864499
192,6.0000,16782336,27917.08088579
192,7.0000,36480,50.55713530
192,7.0000,65664,55.19736971
192,7.0000,131328,62.45935026
192,7.0000,262656,74.41396440
192,7.0000,525312,118.10299492
192,7.0000,1050624,187.14399484
192,7.0000,2101248,325.66642895
192,7.0000,4195200,1274.96110023
192,7.0000,8390400,12867.78623087
192,7.0000,16780800,29949.53864885
192,8.0000,38400,51.81011421
192,8.0000,69120,54.08499601
192,8.0000,130560,63.32286369
192,8.0000,261120,81.78532046
192,8.0000,529920,124.57925026
192,8.0000,1052160,200.75743109
192,8.0000,2096640,350.91479198
192,8.0000,4193280,2202.23095832
192,8.0000,8394240,11626.57555598
192,8.0000,16780800,27228.25797579
192,9.0000,32256,50.46704592
192,9.0000,64512,54.63235033
192,9.0000,137088,66.15108352
192,9.0000,266112,91.82440902
192,9.0000,524160,130.24048166
192,9.0000,1048320,210.73961482
192,9.0000,2096640,370.77574381
192,9.0000,4193280,1671.53864047
192,9.0000,8394624,13899.69361924
192,9.0000,16781184,26198.70454475
192,10.0000,33792,51.84360867
192,10.0000,67584,55.71842909
192,10.0000,135168,64.80932641
192,10.0000,261888,93.03061488
192,10.0000,523776,135.37636257
192,10.0000,1047552,222.81783662
192,10.0000,2095104,391.51813636
192,10.0000,4198656,2312.35967304
192,10.0000,8388864,11349.19996274
192,10.0000,16777728,25149.81882607
192,11.0000,35328,52.66173174
192,11.0000,70656,56.14687211
192,11.0000,132480,65.00748012
192,11.0000,264960,95.25445637
192,11.0000,529920,139.62944392
192,11.0000,1051008,231.79990675
192,11.0000,2102016,407.41026872
192,11.0000,4195200,1736.99439806
192,11.0000,8390400,10521.77911901
192,11.0000,16780800,23275.63073466
192,12.0000,36864,52.75043842
192,12.0000,64512,55.76410552
192,12.0000,129024,65.21967528
192,12.0000,267264,98.77461694
192,12.0000,525312,146.29748783
192,12.0000,1050624,237.08859869
192,12.0000,2101248,424.86021536
192,12.0000,4193280,816.42965426
192,12.0000,8386560,7619.74602863
192,12.0000,16782336,19705.94208928
256,0.0000,36864,24.18457419
256,0.0000,67584,17.07449876
256,0.0000,135168,30.18806892
256,0.0000,264192,53.97450005
256,0.0000,528384,113.73393453
256,0.0000,1050624,217.01638144
256,0.0000,2101248,608.85580239
256,0.0000,4196352,10843.23707026
256,0.0000,8392704,24126.45593427
256,0.0000,16779264,47548.05717453
256,1.0000,33280,44.08030781
256,1.0000,66560,48.89971971
256,1.0000,133120,58.20059512
256,1.0000,266240,85.25599028
256,1.0000,525824,127.14478293
256,1.0000,1051648,229.18397743
256,1.0000,2096640,616.83651924
256,1.0000,4193280,6050.41066976
256,1.0000,8393216,22306.25318988
256,1.0000,16779776,42988.85711824
256,2.0000,35840,45.84562086
256,2.0000,64512,48.83761788
256,2.0000,136192,58.94538796
256,2.0000,265216,79.06437826
256,2.0000,523264,123.09838981
256,2.0000,1053696,203.53804349
256,2.0000,2100224,453.20046281
256,2.0000,4193280,5555.09276991
256,2.0000,8393728,17777.84891837
256,2.0000,16780288,40880.11718657
256,3.0000,38400,46.33866886
256,3.0000,69120,51.52094139
256,3.0000,130560,56.27667805
256,3.0000,261120,75.46147088
256,3.0000,529920,118.38174989
256,3.0000,1052160,196.28536033
256,3.0000,2096640,407.01770411
256,3.0000,4193280,5181.72872673
256,3.0000,8394240,18639.76052232
256,3.0000,16780800,32211.49054090
256,4.0000,32768,49.52264516
256,4.0000,65536,53.32656699
256,4.0000,131072,53.09289246
256,4.0000,262144,85.21098135
256,4.0000,524288,112.85602206
256,4.0000,1048576,180.72593166
256,4.0000,2097152,391.11908740
256,4.0000,4194304,3280.81629894
256,4.0000,8388608,19609.48764914
256,4.0000,16777216,33074.69453041
256,5.0000,34816,49.15659004
256,5.0000,69632,53.38406780
256,5.0000,130560,59.18719175
256,5.0000,261120,74.34916871
256,5.0000,522240,107.20938042
256,5.0000,1053184,176.34194775
256,5.0000,2097664,305.72382692
256,5.0000,4195328,2822.82112193
256,5.0000,8390656,13916.21146628
256,5.0000,16781312,33004.45967347
256,6.0000,36864,51.93879969
256,6.0000,64512,53.32666234
256,6.0000,129024,60.73113144
256,6.0000,267264,72.79311856
256,6.0000,525312,110.53234085
256,6.0000,1050624,179.17977489
256,6.0000,2101248,299.92890375
256,6.0000,4193280,2555.91480056
256,6.0000,8386560,13012.10108501
256,6.0000,16782336,26834.31565100
256,7.0000,38912,51.71601980
256,7.0000,68096,54.19646939
256,7.0000,136192,63.28317097
256,7.0000,262656,74.18388963
256,7.0000,525312,117.56522407
256,7.0000,1050624,186.33936491
256,7.0000,2101248,324.32367058
256,7.0000,4192768,2331.78791458
256,7.0000,8395264,16976.08037372
256,7.0000,16780800,26822.67552721
256,8.0000,30720,51.56716613
256,8.0000,71680,54.96319455
256,8.0000,133120,63.39714749
256,8.0000,266240,85.76353268
256,8.0000,522240,122.46416445
256,8.0000,1054720,200.64424126
256,8.0000,2099200,350.72724684
256,8.0000,4198400,738.71582988
256,8.0000,8386560,13003.81760683
256,8.0000,16783360,24062.35454488
256,9.0000,32256,51.62981627
256,9.0000,64512,55.71342280
256,9.0000,129024,63.37435695
256,9.0000,268800,91.41215300
256,9.0000,526848,131.01879280
256,9.0000,1053696,213.03659582
256,9.0000,2096640,369.57144511
256,9.0000,4193280,1475.65642949
256,9.0000,8386560,10502.11610633
256,9.0000,16783872,22711.48214673
256,10.0000,33792,51.57603441
256,10.0000,67584,55.42875564
256,10.0000,135168,64.36958347
256,10.0000,270336,94.49173624
256,10.0000,529408,136.89291071
256,10.0000,1047552,221.36677552
256,10.0000,2095104,390.92901528
256,10.0000,4201472,1584.00791143
256,10.0000,8391680,10553.00201181
256,10.0000,16783360,25048.54654744
256,11.0000,35328,53.43544186
256,11.0000,70656,56.25448350
256,11.0000,129536,64.31556323
256,11.0000,270848,95.26556557
256,11.0000,529920,139.22016783
256,11.0000,1048064,229.88850540
256,11.0000,2096128,406.54835254
256,11.0000,4192256,762.10528609
256,11.0000,8396288,7951.61913614
256,11.0000,16780800,24561.68434213
256,12.0000,36864,52.86400967
256,12.0000,73728,58.05820194
256,12.0000,135168,65.93931748
256,12.0000,270336,96.75534198
256,12.0000,528384,146.16789645
256,12.0000,1056768,238.68994383
256,12.0000,2101248,423.47886088
256,12.0000,4202496,1406.64294033
256,12.0000,8392704,8347.36737260
256,12.0000,16785408,20377.10188008
320,0.0000,38400,11.86621736
320,0.0000,69120,18.15278200
320,0.0000,130560,26.70752956
320,0.0000,261120,54.62434027
320,0.0000,529920,110.30577049
320,0.0000,1052160,214.47545111
320,0.0000,2096640,550.04038723
320,0.0000,4193280,9338.67494484
320,0.0000,8394240,23493.89270477
320,0.0000,16780800,39959.67352347
320,1.0000,33280,44.70423452
320,1.0000,66560,46.96049770
320,1.0000,133120,56.76762818
320,1.0000,266240,81.98190076
320,1.0000,524160,133.20868688
320,1.0000,1048320,215.66463559
320,1.0000,2096640,1131.37764116
320,1.0000,4193280,9770.30185184
320,1.0000,8386560,18590.56805387
320,1.0000,16781440,42361.30725860
320,2.0000,35840,47.09628734
320,2.0000,71680,51.79733625
320,2.0000,134400,55.61074618
320,2.0000,268800,78.81742515
320,2.0000,528640,123.03850506
320,2.0000,1048320,209.73532930
320,2.0000,2096640,719.18767710
320,2.0000,4193280,4486.76324251
320,2.0000,8386560,20314.12137507
320,2.0000,16782080,34121.11369792
320,3.0000,38400,47.79633350
320,3.0000,67200,50.63804647
320,3.0000,134400,56.77163321
320,3.0000,268800,77.98831208
320,3.0000,528000,116.80522164
320,3.0000,1046400,203.46814615
320,3.0000,2102400,465.48794751
320,3.0000,4195200,3786.16646926
320,3.0000,8390400,18940.12368592
320,3.0000,16780800,33902.13578073
320,4.0000,30720,47.97200658
320,4.0000,71680,53.08678956
320,4.0000,133120,56.45585554
320,4.0000,266240,74.13849927
320,4.0000,522240,109.86221324
320,4.0000,1054720,172.92730070
320,4.0000,2099200,347.36137535
320,4.0000,4198400,5653.93740339
320,4.0000,8386560,17208.46306025
320,4.0000,16783360,29549.69681713
320,5.0000,32640,47.70712618
320,5.0000,65280,52.25498263
320,5.0000,130560,57.11928426
320,5.0000,261120,70.19227963
320,5.0000,522240,108.55523792
320,5.0000,1055360,180.78142995
320,5.0000,2099840,320.39215989
320,5.0000,4199680,5145.28186616
320,5.0000,8388480,15146.84780874
320,5.0000,16776960,28524.78211862
320,6.0000,34560,51.46203405
320,6.0000,69120,53.36547301
320,6.0000,138240,61.75553747
320,6.0000,264960,72.64621972
320,6.0000,529920,110.96109379
320,6.0000,1048320,175.22828673
320,6.0000,2096640,308.91881706
320,6.0000,4193280,1451.92051420
320,6.0000,8386560,17000.60015475
320,6.0000,16784640,34288.99971274
320,7.0000,36480,50.18838631
320,7.0000,72960,54.28977709
320,7.0000,133760,63.00250884
320,7.0000,267520,75.01710309
320,7.0000,522880,117.64904366
320,7.0000,1045760,185.81301317
320,7.0000,2103680,325.18649266
320,7.0000,4195200,3479.88839841
320,7.0000,8390400,12732.13337808
320,7.0000,16780800,24862.80302634
320,8.0000,38400,52.38536071
320,8.0000,64000,54.14819446
320,8.0000,128000,63.07910507
320,8.0000,268800,86.55505089
320,8.0000,524800,123.56714539
320,8.0000,1049600,199.57034448
320,8.0000,2099200,348.20157377
320,8.0000,4198400,1316.85802214
320,8.0000,8396800,11690.35446881
320,8.0000,16780800,25191.38707315
320,9.0000,40320,52.57583811
320,9.0000,67200,54.15939901
320,9.0000,134400,64.17877232
320,9.0000,268800,91.73453420
320,9.0000,524160,130.62343897
320,9.0000,1048320,210.42955862
320,9.0000,2096640,367.32695863
320,9.0000,4193280,1156.85719941
320,9.0000,8386560,13064.10658754
320,9.0000,16786560,22533.82032650
320,10.0000,42240,52.58682811
320,10.0000,70400,56.62165908
320,10.0000,140800,66.61154296
320,10.0000,267520,93.87472298
320,10.0000,520960,135.73292958
320,10.0000,1056000,222.98449839
320,10.0000,2097920,388.16096627
320,10.0000,4195840,825.98320425
320,10.0000,8391680,10847.00249133
320,10.0000,16783360,25635.85260966
320,11.0000,29440,50.39104568
320,11.0000,73600,57.50944109
320,11.0000,132480,65.80340863
320,11.0000,264960,94.96590338
320,11.0000,529920,139.67361847
320,11.0000,1045120,229.85479639
320,11.0000,2104960,405.07030516
320,11.0000,4195200,1720.06968271
320,11.0000,8390400,10585.80851319
320,11.0000,16780800,22242.08688560
320,12.0000,30720,52.44815389
320,12.0000,76800,58.70992548
320,12.0000,138240,66.80032776
320,12.0000,261120,97.21906742
320,12.0000,522240,144.69533214
320,12.0000,1059840,237.46714570
320,12.0000,2104320,420.39496269
320,12.0000,4193280,789.52385180
320,12.0000,8386560,8876.05939170
320,12.0000,16788480,21053.95558619
384,0.0000,36864,12.24009183
384,0.0000,64512,17.31277430
384,0.0000,129024,26.07749994
384,0.0000,267264,55.90640334
384,0.0000,525312,108.37136406
384,0.0000,1050624,216.81191027
384,0.0000,2101248,701.90050640
384,0.0000,4193280,9589.22547992
384,0.0000,8386560,24128.68552108
384,0.0000,16782336,46164.38907429
384,1.0000,39936,44.86791635
384,1.0000,69888,45.63824128
384,1.0000,129792,57.19776381
384,1.0000,269568,85.47176136
384,1.0000,529152,127.91920824
384,1.0000,1048320,230.82623111
384,1.0000,2096640,637.47995413
384,1.0000,4193280,8794.00838031
384,1.0000,8386560,23835.11558245
384,1.0000,16783104,42923.24819204
384,2.0000,32256,44.84021488
384,2.0000,64512,49.49675549
384,2.0000,129024,55.52146735
384,2.0000,268800,82.63374350
384,2.0000,526848,122.39195468
384,2.0000,1053696,206.97130917
384,2.0000,2096640,390.48545802
384,2.0000,4193280,6656.48483465
384,2.0000,8386560,21191.76910587
384,2.0000,16783872,34355.94879882
384,3.0000,34560,49.53876065
384,3.0000,69120,51.55496032
384,3.0000,138240,58.00611269
384,3.0000,264960,76.86611653
384,3.0000,529920,119.16628314
384,3.0000,1048320,197.16057893
384,3.0000,2096640,369.66193975
384,3.0000,4193280,4698.18106652
384,3.0000,8386560,16847.95268928
384,3.0000,16784640,33286.27436749
384,4.0000,36864,49.37577016
384,4.0000,73728,53.34115674
384,4.0000,135168,55.70143154
384,4.0000,270336,72.77471449
384,4.0000,528384,114.71402298
384,4.0000,1056768,197.85302029
384,4.0000,2101248,483.17228385
384,4.0000,4202496,4905.51795403
384,4.0000,8392704,19445.18198956
384,4.0000,16785408,31832.22567960
384,5.0000,39168,48.97791318
384,5.0000,65280,53.19947875
384,5.0000,130560,56.59624620
384,5.0000,261120,74.22815954
384,5.0000,522240,108.08719753
384,5.0000,1057536,177.25726436
384,5.0000,2102016,345.62664835
384,5.0000,4204032,3932.92231865
384,5.0000,8395008,17950.58273790
384,5.0000,16776960,36318.61495228
384,6.0000,41472,51.60383124
384,6.0000,69120,53.39214938
384,6.0000,138240,61.62124972
384,6.0000,262656,72.68693754
384,6.0000,525312,112.82560289
384,6.0000,1050624,173.22696289
384,6.0000,2101248,330.92520235
384,6.0000,4202496,1676.09939407
384,6.0000,8391168,15073.03948618
384,6.0000,16782336,31434.89083080
384,7.0000,29184,49.68813879
384,7.0000,72960,54.33266431
384,7.0000,131328,62.54164413
384,7.0000,262656,73.86591873
384,7.0000,525312,117.92071830
384,7.0000,1050624,186.29745512
384,7.0000,2101248,321.87261506
384,7.0000,4202496,2117.71210841
384,7.0000,8390400,12761.42677538
384,7.0000,16780800,27401.48336527
384,8.0000,30720,51.84108616
384,8.0000,76800,54.66097944
384,8.0000,138240,64.13933373
384,8.0000,261120,80.78334078
384,8.0000,522240,123.24292125
384,8.0000,1059840,200.86029469
384,8.0000,2104320,347.86427661
384,8.0000,4193280,938.17704519
384,8.0000,8386560,12359.65483508
384,8.0000,16788480,25269.08517758
384,9.0000,32256,52.05305969
384,9.0000,64512,54.31891028
384,9.0000,129024,63.92907658
384,9.0000,274176,92.67353373
384,9.0000,532224,131.43888173
384,9.0000,1048320,210.01549184
384,9.0000,2096640,367.16756781
384,9.0000,4193280,928.35357039
384,9.0000,8386560,12150.87440932
384,9.0000,16789248,27065.23263253
384,10.0000,33792,51.79534768
384,10.0000,67584,56.05573289
384,10.0000,135168,66.04413957
384,10.0000,270336,93.92426977
384,10.0000,523776,135.47327626
384,10.0000,1047552,221.35688661
384,10.0000,2095104,387.32091453
384,10.0000,4190208,1327.00424642
384,10.0000,8397312,12486.87242702
384,10.0000,16777728,24834.82148517
384,11.0000,35328,52.08026757
384,11.0000,70656,57.25221211
384,11.0000,141312,67.81789624
384,11.0000,264960,95.42992077
384,11.0000,529920,139.43555085
384,11.0000,1059840,231.53514453
384,11.0000,2102016,403.71671325
384,11.0000,4204032,1286.10851510
384,11.0000,8390400,11247.35743725
384,11.0000,16780800,23144.72030027
384,12.0000,36864,53.12545063
384,12.0000,73728,57.86400797
384,12.0000,129024,66.73218743
384,12.0000,258048,95.82335433
384,12.0000,534528,150.96733720
384,12.0000,1050624,235.84546383
384,12.0000,2101248,420.14490078
384,12.0000,4202496,1320.49565124
384,12.0000,8386560,10977.94148687
384,12.0000,16773120,20345.02985509
448,0.0000,32256,11.83882854
448,0.0000,64512,18.11517142
448,0.0000,129024,27.81080732
448,0.0000,268800,55.97890878
448,0.0000,526848,108.62097456
448,0.0000,1053696,215.73512209
448,0.0000,2096640,1146.19333003
448,0.0000,4193280,10564.68723584
448,0.0000,8386560,20593.43582375
448,0.0000,16783872,40134.28944236
448,1.0000,34944,46.53167191
448,1.0000,69888,54.14676323
448,1.0000,139776,59.17449964
448,1.0000,267904,85.04865265
448,1.0000,524160,130.84882673
448,1.0000,1048320,220.32142973
448,1.0000,2096640,840.72576334
448,1.0000,4193280,6511.38675259
448,1.0000,8386560,21055.89774971
448,1.0000,16784768,45741.75161325
448,2.0000,37632,46.18356362
448,2.0000,62720,49.55648248
448,2.0000,137984,57.19039046
448,2.0000,263424,80.17157669
448,2.0000,526848,123.26316823
448,2.0000,1053696,215.65082852
448,2.0000,2094848,594.82778268
448,2.0000,4202240,4813.25956110
448,2.0000,8391936,17393.28423431
448,2.0000,16783872,35353.88708274
448,3.0000,40320,49.59417937
448,3.0000,67200,51.13145635
448,3.0000,134400,56.72299342
448,3.0000,268800,76.73098777
448,3.0000,524160,117.57554539
448,3.0000,1048320,206.66949480
448,3.0000,2096640,727.60191652
448,3.0000,4193280,3692.68044712
448,3.0000,8386560,20620.43993016
448,3.0000,16786560,36817.99866743
448,4.0000,43008,49.78282279
448,4.0000,71680,53.08743589
448,4.0000,129024,55.20755268
448,4.0000,272384,75.90855333
448,4.0000,530432,115.06841558
448,4.0000,1046528,185.16811843
448,4.0000,2107392,373.72587459
448,4.0000,4200448,2673.69323469
448,4.0000,8386560,18747.66860258
448,4.0000,16787456,34559.20185094
448,5.0000,30464,50.05731724
448,5.0000,76160,53.64564240
448,5.0000,137088,58.25928506
448,5.0000,258944,72.87881610
448,5.0000,533120,111.69482924
448,5.0000,1051008,178.47606078
448,5.0000,2102016,355.12506159
448,5.0000,4204032,3389.90455341
448,5.0000,8392832,18435.17317071
448,5.0000,16785664,35981.87481812
448,6.0000,32256,50.19891899
448,6.0000,64512,54.07518362
448,6.0000,129024,61.29156509
448,6.0000,274176,74.51151136
448,6.0000,532224,112.87350890
448,6.0000,1048320,175.94506051
448,6.0000,2096640,294.52259327
448,6.0000,4193280,1491.39568434
448,6.0000,8386560,14800.61444358
448,6.0000,16789248,29450.43992685
448,7.0000,34048,50.33222489
448,7.0000,68096,55.37849190
448,7.0000,136192,63.48046442
448,7.0000,272384,74.24276998
448,7.0000,527744,120.41339714
448,7.0000,1055488,187.63643887
448,7.0000,2093952,321.74270990
448,7.0000,4204928,1440.64618721
448,7.0000,8392832,14646.93922311
448,7.0000,16785664,29701.34914756
448,8.0000,35840,52.62312198
448,8.0000,71680,55.63404255
448,8.0000,143360,64.86320318
448,8.0000,268800,88.72963082
448,8.0000,537600,126.66402602
448,8.0000,1057280,201.44179954
448,8.0000,2096640,347.78589504
448,8.0000,4193280,1320.29527919
448,8.0000,8386560,12523.16557683
448,8.0000,16773120,23553.60085290
448,9.0000,37632,53.05892483
448,9.0000,75264,58.30715313
448,9.0000,131712,65.40688399
448,9.0000,263424,92.53580973
448,9.0000,526848,131.77869416
448,9.0000,1053696,212.67938480
448,9.0000,2107392,368.93681103
448,9.0000,4195968,1253.35540919
448,9.0000,8391936,14721.05879479
448,9.0000,16783872,28110.24542126
448,10.0000,39424,53.23663423
448,10.0000,78848,57.60337175
448,10.0000,137984,65.84576997
448,10.0000,275968,95.60140033
448,10.0000,532224,136.78481683
448,10.0000,1044736,221.40275223
448,10.0000,2109184,388.41727129
448,10.0000,4198656,2107.02745076
448,10.0000,8397312,11744.43074186
448,10.0000,16774912,26959.50100127
448,11.0000,41216,52.92908349
448,11.0000,61824,56.45380705
448,11.0000,144256,69.11465683
448,11.0000,267904,96.77175235
448,11.0000,535808,143.14837749
448,11.0000,1051008,231.49620802
448,11.0000,2102016,404.11742556
448,11.0000,4204032,1291.81895951
448,11.0000,8387456,9321.64977923
448,11.0000,16774912,28847.54154336
448,12.0000,43008,53.82068188
448,12.0000,64512,57.51008305
448,12.0000,129024,64.82200994
448,12.0000,258048,96.76323400
448,12.0000,537600,150.33449972
448,12.0000,1053696,237.14572076
448,12.0000,2107392,421.23064139
448,12.0000,4193280,1481.40327277
448,12.0000,8386560,6848.93132845
448,12.0000,16773120,22789.58643425
512,0.0000,36864,26.47364812
512,0.0000,73728,30.78644664
512,0.0000,135168,29.27996924
512,0.0000,270336,57.17049311
512,0.0000,528384,109.40768277
512,0.0000,1056768,216.41620905
512,0.0000,2101248,912.73802755
512,0.0000,4202496,8952.26317999
512,0.0000,8392704,21424.02655664
512,0.0000,16785408,46672.49782422
512,1.0000,39936,47.05586857
512,1.0000,66560,47.72614867
512,1.0000,133120,57.28901903
512,1.0000,266240,84.39394716
512,1.0000,532480,125.60193339
512,1.0000,1051648,223.71777406
512,1.0000,2103296,446.91344926
512,1.0000,4193280,8178.39982684
512,1.0000,8386560,19367.45020632
512,1.0000,16786432,36333.55805118
512,2.0000,43008,45.46713184
512,2.0000,71680,50.75696659
512,2.0000,129024,55.43154091
512,2.0000,272384,82.35729753
512,2.0000,530432,123.46395348
512,2.0000,1046528,220.29275974
512,2.0000,2107392,378.18955606
512,2.0000,4200448,5382.78309413
512,2.0000,8386560,21466.88535553
512,2.0000,16787456,35376.94626913
512,3.0000,30720,48.93642253
512,3.0000,76800,51.66032540
512,3.0000,138240,56.18732240
512,3.0000,261120,77.40155393
512,3.0000,522240,112.76108569
512,3.0000,1059840,202.32780379
512,3.0000,2104320,363.47619598
512,3.0000,4193280,4015.63203235
512,3.0000,8386560,22504.75057712
512,3.0000,16788480,37689.88879995
512,4.0000,32768,50.17291894
512,4.0000,65536,54.38063657
512,4.0000,131072,55.11903172
512,4.0000,262144,75.67137436
512,4.0000,524288,111.50647189
512,4.0000,1048576,189.81227460
512,4.0000,2097152,336.44697949
512,4.0000,4194304,4858.20971144
512,4.0000,8388608,17037.80295928
512,4.0000,16777216,33165.33528969
512,5.0000,34816,50.98492793
512,5.0000,69632,53.45061022
512,5.0000,139264,61.31568983
512,5.0000,261120,72.69923138
512,5.0000,522240,112.09732150
512,5.0000,1044480,177.43767969
512,5.0000,2106368,331.24156546
512,5.0000,4195328,2959.32409589
512,5.0000,8390656,16581.93052109
512,5.0000,16781312,34195.53672548
512,6.0000,36864,51.56204647
512,6.0000,73728,54.53593762
512,6.0000,129024,61.14573594
512,6.0000,258048,73.08773829
512,6.0000,534528,113.25143144
512,6.0000,1050624,175.17208338
512,6.0000,2101248,315.37260155
512,6.0000,4202496,2108.92586784
512,6.0000,8386560,15836.44222091
512,6.0000,16773120,30160.80587423
512,7.0000,38912,51.51033243
512,7.0000,77824,54.48381037
512,7.0000,136192,63.58004653
512,7.0000,272384,74.84188367
512,7.0000,525312,118.83387803
512,7.0000,1050624,188.16797785
512,7.0000,2101248,323.51287488
512,7.0000,4202496,2124.27397249
512,7.0000,8385536,16219.05477377
512,7.0000,16790528,32200.36623876
512,8.0000,40960,53.31438011
512,8.0000,61440,54.64470557
512,8.0000,143360,64.55686025
512,8.0000,266240,85.83869827
512,8.0000,532480,125.87506109
512,8.0000,1044480,199.03908315
512,8.0000,2109440,349.64019466
512,8.0000,4198400,957.13848973
512,8.0000,8396800,11664.02185906
512,8.0000,16773120,28026.88295786
512,9.0000,43008,54.45781032
512,9.0000,64512,56.07718770
512,9.0000,129024,64.10662706
512,9.0000,258048,91.00746431
512,9.0000,537600,134.46458227
512,9.0000,1053696,211.65819935
512,9.0000,2107392,370.27822941
512,9.0000,4193280,2398.45139712
512,9.0000,8386560,10262.20862634
512,9.0000,16773120,26788.09546102
512,10.0000,45056,54.56419440
512,10.0000,67584,54.88731975
512,10.0000,135168,65.50284262
512,10.0000,270336,94.67032508
512,10.0000,540672,137.82218081
512,10.0000,1058816,223.67324341
512,10.0000,2095104,388.54377522
512,10.0000,4190208,912.27221975
512,10.0000,8402944,11238.56020171
512,10.0000,16783360,25802.02733528
512,11.0000,47104,53.37165651
512,11.0000,70656,59.18997889
512,11.0000,141312,66.83599693
512,11.0000,259072,95.25983973
512,11.0000,541696,143.39553692
512,11.0000,1059840,232.88803726
512,11.0000,2096128,403.61379372
512,11.0000,4192256,754.62817701
512,11.0000,8384512,11683.71804348
512,11.0000,16792576,23856.00597568
512,12.0000,49152,54.63898428
512,12.0000,73728,58.08265634
512,12.0000,147456,68.99975440
512,12.0000,270336,98.38887301
512,12.0000,540672,151.62166127
512,12.0000,1056768,237.84804004
512,12.0000,2113536,423.42329133
512,12.0000,4202496,788.76230529
512,12.0000,8404992,9491.48101308
512,12.0000,16785408,25873.52261800
576,0.0000,41472,13.90027040
576,0.0000,69120,18.13824726
576,0.0000,138240,28.67643745
576,0.0000,262656,55.28567998
576,0.0000,525312,115.19050140
576,0.0000,1050624,218.11558904
576,0.0000,2101248,1216.54019231
576,0.0000,4202496,8147.49393252
576,0.0000,8391168,23359.43821001
576,0.0000,16782336,40921.56354658
576,1.0000,29952,47.28958299
576,1.0000,74880,47.11505207
576,1.0000,134784,58.89145506
576,1.0000,269568,87.00520432
576,1.0000,524160,134.77976140
576,1.0000,1048320,211.82014344
576,1.0000,2096640,558.85696360
576,1.0000,4193280,5332.45875190
576,1.0000,8386560,22127.84614838
576,1.0000,16788096,37915.35102500
576,2.0000,32256,46.76564060
576,2.0000,64512,51.68524476
576,2.0000,129024,56.16437370
576,2.0000,274176,80.47073623
576,2.0000,532224,124.49848860
576,2.0000,1048320,212.10093130
576,2.0000,2096640,396.39356629
576,2.0000,4193280,5470.20957559
576,2.0000,8386560,21338.67966622
576,2.0000,16789248,39241.86136576
576,3.0000,34560,46.39007015
576,3.0000,69120,52.58606078
576,3.0000,138240,55.68616979
576,3.0000,259200,75.68844286
576,3.0000,535680,122.21210497
576,3.0000,1054080,203.32899654
576,3.0000,2108160,577.45488417
576,3.0000,4199040,6008.18102717
576,3.0000,8398080,16857.15103099
576,3.0000,16778880,33571.26874585
576,4.0000,36864,51.68549904
576,4.0000,73728,53.46326061
576,4.0000,129024,53.49072277
576,4.0000,258048,73.30727663
576,4.0000,534528,112.79376058
576,4.0000,1050624,185.17968814
576,4.0000,2101248,382.00240980
576,4.0000,4202496,6235.18691796
576,4.0000,8386560,17291.94642131
576,4.0000,16773120,30350.10224803
576,5.0000,39168,52.05239221
576,5.0000,78336,53.70377700
576,5.0000,137088,59.06919625
576,5.0000,274176,74.87468569
576,5.0000,528768,111.24329287
576,5.0000,1057536,179.83642296
576,5.0000,2095488,331.74990146
576,5.0000,4190976,2613.89629123
576,5.0000,8401536,15665.52152762
576,5.0000,16783488,31519.42739295
576,6.0000,41472,52.24198917
576,6.0000,62208,53.86588002
576,6.0000,145152,63.22237098
576,6.0000,269568,74.53859210
576,6.0000,539136,114.91416343
576,6.0000,1057536,179.93079235
576,6.0000,2094336,302.43471454
576,6.0000,4209408,1709.78176293
576,6.0000,8398080,15030.80991789
576,6.0000,16775424,30985.46875396
576,7.0000,43776,51.82923039
576,7.0000,65664,53.83098019
576,7.0000,131328,63.41476501
576,7.0000,262656,75.25530994
576,7.0000,525312,119.49821435
576,7.0000,1050624,188.87163210
576,7.0000,2101248,324.16386154
576,7.0000,4202496,2012.65444169
576,7.0000,8404992,15274.02852634
576,7.0000,16788096,26069.64298859
576,8.0000,46080,53.48512863
576,8.0000,69120,54.85162530
576,8.0000,138240,64.72458920
576,8.0000,276480,90.59829722
576,8.0000,529920,126.17317172
576,8.0000,1059840,203.21291807
576,8.0000,2096640,348.68470861
576,8.0000,4193280,2530.60273752
576,8.0000,8386560,12924.28126766
576,8.0000,16773120,24529.53111933
576,9.0000,48384,53.37194258
576,9.0000,72576,57.08972767
576,9.0000,145152,67.41368759
576,9.0000,266112,92.22476264
576,9.0000,532224,134.83764171
576,9.0000,1064448,215.67632001
576,9.0000,2104704,368.70300126
576,9.0000,4209408,1367.05306892
576,9.0000,8394624,10866.99388899
576,9.0000,16789248,29577.99520164
576,10.0000,50688,54.78923153
576,10.0000,76032,58.85509312
576,10.0000,126720,64.11600361
576,10.0000,278784,97.04014410
576,10.0000,532224,137.47912632
576,10.0000,1064448,226.61150368
576,10.0000,2103552,389.75214199
576,10.0000,4207104,749.42915174
576,10.0000,8388864,9964.36565467
576,10.0000,16777728,21835.33344185
576,11.0000,26496,52.33486467
576,11.0000,79488,61.51059487
576,11.0000,132480,66.15678528
576,11.0000,264960,96.60300629
576,11.0000,529920,143.20851453
576,11.0000,1059840,232.31184049
576,11.0000,2093184,403.47527510
576,11.0000,4212864,951.17611816
576,11.0000,8399232,9848.91601093
576,11.0000,16771968,23866.73497067
576,12.0000,27648,52.79587294
576,12.0000,82944,59.80603394
576,12.0000,138240,68.53779258
576,12.0000,276480,101.85641553
576,12.0000,525312,153.09508237
576,12.0000,1050624,237.36316130
576,12.0000,2101248,421.53180337
576,12.0000,4202496,1314.28062145
576,12.0000,8404992,11648.57884468
576,12.0000,16782336,24796.91935164
640,0.0000,30720,11.99546456
640,0.0000,76800,26.72401782
640,0.0000,138240,34.52698972
640,0.0000,261120,65.21944840
640,0.0000,522240,108.45273705
640,0.0000,1059840,220.32994808
640,0.0000,2104320,744.62365538
640,0.0000,4193280,12674.76390798
640,0.0000,8386560,24143.89496374
640,0.0000,16788480,40828.61914188
640,1.0000,33280,48.36286390
640,1.0000,66560,48.91147138
640,1.0000,133120,62.29450601
640,1.0000,266240,84.81814851
640,1.0000,532480,133.34569002
640,1.0000,1048320,227.33518242
640,1.0000,2096640,646.52739422
640,1.0000,4193280,4716.67123944
640,1.0000,8386560,20843.47273950
640,1.0000,16773120,42474.54579172
640,2.0000,35840,47.28033358
640,2.0000,71680,52.63818803
640,2.0000,143360,59.43217988
640,2.0000,268800,81.47205612
640,2.0000,537600,121.00173575
640,2.0000,1057280,217.33008866
640,2.0000,2096640,383.23089641
640,2.0000,4193280,5749.25075832
640,2.0000,8386560,20037.04479672
640,2.0000,16773120,33987.88987661
640,3.0000,38400,47.34930683
640,3.0000,76800,52.73255741
640,3.0000,134400,57.07132421
640,3.0000,268800,77.99545489
640,3.0000,537600,116.96107959
640,3.0000,1056000,203.61766706
640,3.0000,2092800,460.27544228
640,3.0000,4204800,6810.13400484
640,3.0000,8390400,20820.10466740
640,3.0000,16780800,33452.97266843
640,4.0000,40960,52.34570332
640,4.0000,61440,52.56123677
640,4.0000,143360,57.85202506
640,4.0000,266240,74.44018603
640,4.0000,532480,112.05317227
640,4.0000,1044480,188.22795597
640,4.0000,2109440,348.33688638
640,4.0000,4198400,4179.58512463
640,4.0000,8396800,17125.72817770
640,4.0000,16773120,33249.98774349
640,5.0000,43520,52.36528282
640,5.0000,65280,53.65069620
640,5.0000,130560,60.30728191
640,5.0000,261120,71.94666016
640,5.0000,522240,108.74175720
640,5.0000,1044480,179.49953475
640,5.0000,2110720,309.26049129
640,5.0000,4199680,3141.66564621
640,5.0000,8399360,16302.86480042
640,5.0000,16776960,30687.10772010
640,6.0000,46080,52.89199050
640,6.0000,69120,54.53472979
640,6.0000,138240,62.49220812
640,6.0000,276480,74.13117318
640,6.0000,529920,113.98079967
640,6.0000,1059840,179.48672543
640,6.0000,2096640,298.24104584
640,6.0000,4193280,1798.74310572
640,6.0000,8386560,16422.13413166
640,6.0000,16773120,31999.78711335
640,7.0000,48640,52.73176279
640,7.0000,72960,54.33702768
640,7.0000,145920,64.42422184
640,7.0000,267520,75.25785274
640,7.0000,535040,120.90053261
640,7.0000,1045760,187.46127225
640,7.0000,2091520,323.44530017
640,7.0000,4207360,1258.87562094
640,7.0000,8390400,16167.39260485
640,7.0000,16780800,29531.68364020
640,8.0000,51200,54.35489079
640,8.0000,76800,57.21235383
640,8.0000,128000,64.51712912
640,8.0000,256000,77.62166440
640,8.0000,537600,127.58604257
640,8.0000,1049600,200.78496446
640,8.0000,2099200,349.24008627
640,8.0000,4198400,2381.82538033
640,8.0000,8396800,13096.41061378
640,8.0000,16793600,25295.92521031
640,9.0000,26880,52.65258659
640,9.0000,80640,58.45180624
640,9.0000,134400,64.97200291
640,9.0000,268800,92.58180249
640,9.0000,537600,134.54086605
640,9.0000,1048320,211.92083802
640,9.0000,2096640,368.86853705
640,9.0000,4193280,1140.32926917
640,9.0000,8386560,11167.20639361
640,9.0000,16773120,26040.51660401
640,10.0000,28160,52.48139309
640,10.0000,84480,60.92521226
640,10.0000,140800,67.30517393
640,10.0000,281600,99.33221723
640,10.0000,535040,137.71204611
640,10.0000,1041920,222.37514785
640,10.0000,2112000,391.75551282
640,10.0000,4195840,1023.63403853
640,10.0000,8391680,11964.80522059
640,10.0000,16783360,26807.00414261
640,11.0000,29440,52.42325849
640,11.0000,58880,54.34074651
640,11.0000,147200,69.63990240
640,11.0000,264960,96.24316937
640,11.0000,529920,141.88400572
640,11.0000,1059840,232.78734268
640,11.0000,2090240,403.45594988
640,11.0000,4209920,758.08519873
640,11.0000,8390400,9289.71351361
640,11.0000,16780800,21059.80989949
640,12.0000,30720,52.50672566
640,12.0000,61440,57.63258207
640,12.0000,153600,71.73138100
640,12.0000,276480,100.78844270
640,12.0000,522240,148.87786105
640,12.0000,1044480,236.05893126
640,12.0000,2119680,426.18225295
640,12.0000,4208640,790.37236970
640,12.0000,8386560,10290.56034920
640,12.0000,16773120,24431.62658472
704,0.0000,33792,11.10825248
704,0.0000,67584,16.22479592
704,0.0000,135168,27.62976050
704,0.0000,270336,58.81736444
704,0.0000,523776,110.07853499
704,0.0000,1047552,217.71217502
704,0.0000,2095104,1156.56900400
704,0.0000,4190208,12341.35448480
704,0.0000,8397312,21212.77282022
704,0.0000,16777728,43825.65389902
704,1.0000,36608,49.31943065
704,1.0000,73216,48.60099642
704,1.0000,128128,58.25664692
704,1.0000,274560,81.86653858
704,1.0000,530816,129.55327397
704,1.0000,1061632,229.81669359
704,1.0000,2104960,776.60419737
704,1.0000,4191616,6584.08957566
704,1.0000,8401536,20162.05918613
704,1.0000,16784768,42980.10264663
704,2.0000,39424,48.88893588
704,2.0000,78848,52.47621215
704,2.0000,137984,58.21755148
704,2.0000,275968,75.46235682
704,2.0000,532224,125.60218767
704,2.0000,1044736,206.28130574
704,2.0000,2109184,741.00545241
704,2.0000,4198656,3071.30343182
704,2.0000,8397312,19312.59937564
704,2.0000,16774912,45060.06213510
704,3.0000,42240,49.67936292
704,3.0000,63360,53.09627209
704,3.0000,126720,57.00893044
704,3.0000,274560,80.29970165
704,3.0000,528000,116.32557218
704,3.0000,1056000,200.60407656
704,3.0000,2112000,402.80000478
704,3.0000,4202880,5739.44555984
704,3.0000,8384640,18946.44860696
704,3.0000,16790400,32314.26983289
704,4.0000,45056,52.91439886
704,4.0000,67584,53.27633358
704,4.0000,135168,60.85388693
704,4.0000,270336,76.72911246
704,4.0000,540672,116.51113246
704,4.0000,1058816,184.21705048
704,4.0000,2095104,396.59406547
704,4.0000,4190208,4022.55592911
704,4.0000,8402944,17875.11263986
704,4.0000,16783360,36211.96212840
704,5.0000,47872,53.13784675
704,5.0000,71808,53.05066075
704,5.0000,143616,61.98336356
704,5.0000,263296,74.30236668
704,5.0000,526592,114.29210104
704,5.0000,1053184,179.92214686
704,5.0000,2106368,342.70790669
704,5.0000,4188800,3290.38432846
704,5.0000,8401536,19428.50529170
704,5.0000,16779136,34135.23452916
704,6.0000,50688,53.33367355
704,6.0000,76032,58.29838050
704,6.0000,126720,61.89109198
704,6.0000,278784,74.95986924
704,6.0000,532224,123.90547761
704,6.0000,1064448,195.52621535
704,6.0000,2103552,331.97427111
704,6.0000,4207104,3318.09599866
704,6.0000,8388864,16551.46074747
704,6.0000,16777728,29988.14756371
704,7.0000,26752,49.62497895
704,7.0000,80256,60.02719331
704,7.0000,133760,65.93851833
704,7.0000,267520,78.30262423
704,7.0000,535040,133.54526744
704,7.0000,1043328,208.87549441
704,7.0000,2113408,364.21942244
704,7.0000,4200064,2257.42847629
704,7.0000,8400128,16053.45992752
704,7.0000,16773504,32668.95985448
704,8.0000,28160,53.22786160
704,8.0000,84480,61.00798016
704,8.0000,140800,68.05532949
704,8.0000,281600,96.79508247
704,8.0000,535040,138.47672737
704,8.0000,1041920,221.92895134
704,8.0000,2112000,388.52244755
704,8.0000,4195840,1096.74510694
704,8.0000,8391680,13911.10504775
704,8.0000,16783360,31018.86149932
704,9.0000,29568,52.88334501
704,9.0000,59136,60.16742832
704,9.0000,147840,69.50885324
704,9.0000,266112,97.91133658
704,9.0000,532224,148.87109087
704,9.0000,1064448,235.88214361
704,9.0000,2099328,410.94599939
704,9.0000,4198656,2280.46541325
704,9.0000,8397312,13515.95280918
704,9.0000,16794624,22537.47313774
704,10.0000,30976,53.84563303
704,10.0000,61952,61.56580525
704,10.0000,123904,66.38379307
704,10.0000,278784,105.68792701
704,10.0000,526592,155.43565927
704,10.0000,1053184,244.62499518
704,10.0000,2106368,433.36538740
704,10.0000,4212736,1274.59951853
704,10.0000,8394496,10734.90640447
704,10.0000,16788992,25078.41753938
704,11.0000,32384,53.15024286
704,11.0000,64768,60.06199779
704,11.0000,129536,68.39021526
704,11.0000,259072,102.57539010
704,11.0000,518144,158.74723326
704,11.0000,1068672,258.58486228
704,11.0000,2104960,452.72817994
704,11.0000,4209920,930.09369864
704,11.0000,8387456,11296.33193810
704,11.0000,16774912,22559.49817043
704,12.0000,33792,53.17424046
704,12.0000,67584,61.18556242
704,12.0000,135168,69.56406362
704,12.0000,270336,113.98162608
704,12.0000,540672,165.52272629
704,12.0000,1047552,263.83655514
704,12.0000,2095104,469.75872323
704,12.0000,4190208,881.82720657
704,12.0000,8380416,8768.33702497
704,12.0000,16794624,19679.26127738
768,0.0000,36864,12.43339699
768,0.0000,73728,18.42062436
768,0.0000,129024,27.48647414
768,0.0000,258048,66.56178855
768,0.0000,534528,110.16956696
768,0.0000,1050624,210.11971455
768,0.0000,2101248,839.90466387
768,0.0000,4202496,9382.57073231
768,0.0000,8386560,23117.92174684
768,0.0000,16773120,41750.88949449
768,1.0000,39936,48.90813397
768,1.0000,79872,48.61431430
768,1.0000,139776,59.16385170
768,1.0000,259584,80.13518297
768,1.0000,539136,131.35608205
768,1.0000,1058304,229.47433837
768,1.0000,2096640,502.64113014
768,1.0000,4193280,10619.81418199
768,1.0000,8386560,21862.83107250
768,1.0000,16773120,36859.95334467
768,2.0000,43008,49.71191067
768,2.0000,64512,48.83391621
768,2.0000,129024,56.98226290
768,2.0000,258048,79.59099360
768,2.0000,537600,128.85295714
768,2.0000,1053696,204.24491039
768,2.0000,2107392,692.15424521
768,2.0000,4193280,5670.00453559
768,2.0000,8386560,20833.07640535
768,2.0000,16773120,39705.73867358
768,3.0000,46080,50.08957892
768,3.0000,69120,53.22395206
768,3.0000,138240,56.31036177
768,3.0000,276480,78.76614351
768,3.0000,529920,117.52205139
768,3.0000,1059840,198.57495995
768,3.0000,2096640,372.80614655
768,3.0000,4193280,6270.41527342
768,3.0000,8386560,20914.57671824
768,3.0000,16773120,39567.18064041
768,4.0000,49152,53.43436813
768,4.0000,73728,53.33850486
768,4.0000,147456,62.30127619
768,4.0000,270336,75.00052214
768,4.0000,540672,115.66644859
768,4.0000,1056768,189.71418638
768,4.0000,2113536,346.03998194
768,4.0000,4202496,4563.90014062
768,4.0000,8404992,19862.48380994
768,4.0000,16785408,38175.78535560
768,5.0000,52224,53.35169559
768,5.0000,78336,53.17916712
768,5.0000,130560,62.57205180
768,5.0000,261120,72.76442222
768,5.0000,522240,112.91146008
768,5.0000,1044480,176.53912040
768,5.0000,2115072,370.58991220
768,5.0000,4204032,1651.68283272
768,5.0000,8408064,15911.61218838
768,5.0000,16790016,32687.95028685
768,6.0000,27648,49.61178821
768,6.0000,82944,55.05053524
768,6.0000,138240,63.04240484
768,6.0000,276480,74.65870726
768,6.0000,525312,120.97478215
768,6.0000,1050624,189.21007778
768,6.0000,2101248,324.50780600
768,6.0000,4202496,1730.79803807
768,6.0000,8404992,13696.68257871
768,6.0000,16782336,38157.96854909
768,7.0000,29184,49.58245074
768,7.0000,58368,53.54631457
768,7.0000,145920,64.82267742
768,7.0000,262656,75.74857990
768,7.0000,525312,129.37635918
768,7.0000,1050624,204.26703269
768,7.0000,2101248,353.79136694
768,7.0000,4202496,1675.69216530
768,7.0000,8404992,15679.55844133
768,7.0000,16780800,29865.22102941
768,8.0000,30720,53.25382987
768,8.0000,61440,55.74605255
768,8.0000,153600,70.27022887
768,8.0000,276480,95.68245184
768,8.0000,522240,135.82217917
768,8.0000,1044480,218.14238372
768,8.0000,2119680,380.77697454
768,8.0000,4208640,2435.38660203
768,8.0000,8386560,12488.68966545
768,8.0000,16773120,29264.64284870
768,9.0000,32256,54.17730852
768,9.0000,64512,55.45448961
768,9.0000,129024,65.18836276
768,9.0000,258048,95.70390665
768,9.0000,548352,146.26342541
768,9.0000,1064448,231.55952355
768,9.0000,2096640,401.22677908
768,9.0000,4193280,1138.70204091
768,9.0000,8386560,11747.95215980
768,9.0000,16773120,27585.42100138
768,10.0000,33792,53.47702348
768,10.0000,67584,56.72671226
768,10.0000,135168,67.79710891
768,10.0000,270336,101.23238248
768,10.0000,540672,155.93814685
768,10.0000,1047552,240.13118162
768,10.0000,2095104,420.26542915
768,10.0000,4190208,1402.75575053
768,10.0000,8380416,10568.15048740
768,10.0000,16794624,28241.84414928
768,11.0000,35328,53.21797649
768,11.0000,70656,60.70255899
768,11.0000,141312,69.36648864
768,11.0000,282624,108.22302754
768,11.0000,529920,158.80587641
768,11.0000,1059840,250.39516343
768,11.0000,2119680,446.13799291
768,11.0000,4204032,823.75605636
768,11.0000,8408064,10218.58044202
768,11.0000,16780800,27441.26211817
768,12.0000,36864,53.51259079
768,12.0000,73728,62.24876753
768,12.0000,147456,72.37210113
768,12.0000,258048,106.22474229
768,12.0000,516096,159.51779473
768,12.0000,1069056,261.67031845
768,12.0000,2101248,458.43887863
768,12.0000,4202496,1627.98267192
768,12.0000,8404992,7719.36781008
768,12.0000,16773120,20379.71789893
