64,0.0000,33792,7.73759479
64,0.0000,66048,14.18284991
64,0.0000,132096,26.97372829
64,0.0000,262656,55.14656390
64,0.0000,525312,107.06866857
64,0.0000,1049088,213.60088819
64,0.0000,2098176,427.17125426
64,0.0000,4194816,863.50297831
64,0.0000,8389632,1728.81780863
64,0.0000,16777728,3445.12594944
64,1.0000,33280,8.03082972
64,1.0000,66560,13.93442095
64,1.0000,131456,25.62171247
64,1.0000,262912,49.48763581
64,1.0000,524160,99.06850874
64,1.0000,1048320,197.07034747
64,1.0000,2098304,397.33159317
64,1.0000,4194944,802.17331438
64,1.0000,8388224,1603.30125463
64,1.0000,16778112,3243.16902690
64,2.0000,34048,7.41380676
64,2.0000,66304,13.48530300
64,2.0000,130816,24.38106925
64,2.0000,263424,48.69549799
64,2.0000,525056,92.68259133
64,2.0000,1048320,186.01458441
64,2.0000,2098432,368.00524991
64,2.0000,4195072,742.04080574
64,2.0000,8388352,1502.61002564
64,2.0000,16778496,2976.01618497
64,3.0000,32640,6.84385880
64,3.0000,65280,12.79523528
64,3.0000,132480,23.30287299
64,3.0000,263040,44.66346829
64,3.0000,524160,86.68469042
64,3.0000,1048320,170.12313952
64,3.0000,2098560,343.96041254
64,3.0000,4195200,693.78544973
64,3.0000,8388480,1392.93403044
64,3.0000,16776960,2810.25153976
64,4.0000,32768,6.52567181
64,4.0000,65536,11.61513339
64,4.0000,131072,21.59163003
64,4.0000,262144,40.12806917
64,4.0000,524288,81.70123636
64,4.0000,1048576,160.83625060
64,4.0000,2097152,323.00271823
64,4.0000,4194304,648.94542699
64,4.0000,8388608,1302.88854661
64,4.0000,16777216,2634.89334488
64,5.0000,32640,6.25899775
64,5.0000,65280,10.46348242
64,5.0000,130560,21.21069467
64,5.0000,263296,39.62777913
64,5.0000,524416,77.26927303
64,5.0000,1048832,149.71956963
64,5.0000,2097664,303.65993846
64,5.0000,4195328,607.76168491
64,5.0000,8388480,1227.39549343
64,5.0000,16776960,2473.37851943
64,6.0000,32256,5.88893557
64,6.0000,66816,10.12238120
64,6.0000,131328,19.38196801
64,6.0000,262656,37.61986195
64,6.0000,525312,73.02216323
64,6.0000,1048320,141.96209233
64,6.0000,2096640,287.90042081
64,6.0000,4195584,575.16207708
64,6.0000,8388864,1158.29683549
64,6.0000,16777728,2341.97842831
64,7.0000,34048,5.96411350
64,7.0000,65664,9.55406350
64,7.0000,131328,17.85432728
64,7.0000,262656,34.28019998
64,7.0000,525312,68.76512409
64,7.0000,1048192,133.81347861
64,7.0000,2098816,273.08235528
64,7.0000,4195200,542.08075321
64,7.0000,8390400,1096.15805901
64,7.0000,16778368,2190.60164791
64,8.0000,33280,5.61689165
64,8.0000,66560,9.49978819
64,8.0000,130560,17.05969164
64,8.0000,263680,34.08452333
64,8.0000,524800,66.28982718
64,8.0000,1049600,127.81450040
64,8.0000,2096640,257.57978493
64,8.0000,4195840,513.96148266
64,8.0000,8389120,1043.89811127
64,8.0000,16778240,2105.53422923
64,9.0000,32256,5.01996572
64,9.0000,67200,8.96555105
64,9.0000,131712,17.18775058
64,9.0000,263424,33.57591514
64,9.0000,524160,60.71601113
64,9.0000,1048320,123.86009402
64,9.0000,2096640,247.29498536
64,9.0000,4195968,490.79808520
64,9.0000,8389248,1003.52888973
64,9.0000,16778496,2009.08442319
64,10.0000,33792,5.29257689
64,10.0000,67584,8.68138267
64,10.0000,132352,16.63618834
64,10.0000,261888,29.43661948
64,10.0000,523776,60.21556140
64,10.0000,1050368,116.48261539
64,10.0000,2097920,233.71585176
64,10.0000,4195840,465.05338333
64,10.0000,8388864,949.64130474
64,10.0000,16777728,1906.07192601
64,11.0000,32384,5.41075893
64,11.0000,67712,8.81247094
64,11.0000,132480,15.60131795
64,11.0000,262016,29.85795625
64,11.0000,524032,55.67461367
64,11.0000,1048064,110.85571575
64,11.0000,2099072,226.12272101
64,11.0000,4195200,448.88281815
64,11.0000,8390400,905.63029852
64,11.0000,16777856,1811.52695171
64,12.0000,33792,5.64674165
64,12.0000,67584,8.10975677
64,12.0000,132096,14.99916993
64,12.0000,264192,28.42487306
64,12.0000,525312,55.23311314
64,12.0000,1050624,106.30036260
64,12.0000,2098176,214.38938652
64,12.0000,4196352,429.12788970
64,12.0000,8389632,863.91627817
64,12.0000,16779264,1736.62020155
192,0.0000,32256,6.58456311
192,0.0000,64512,11.57799033
192,0.0000,133632,24.04640242
192,0.0000,262656,46.04206646
192,0.0000,525312,91.99975016
192,0.0000,1050624,182.63131037
192,0.0000,2096640,362.24002330
192,0.0000,4193280,737.74658517
192,0.0000,8391168,1482.07131867
192,0.0000,16777728,2955.41707644
192,1.0000,34944,5.87537928
192,1.0000,64896,11.32643263
192,1.0000,134784,22.83065530
192,1.0000,264576,42.94766580
192,1.0000,524160,84.72406176
192,1.0000,1048320,167.73933561
192,1.0000,2096640,335.34316066
192,1.0000,4193280,680.91770432
192,1.0000,8391552,1375.62048525
192,1.0000,16778112,2730.56450925
192,2.0000,32256,5.34103287
192,2.0000,64512,10.09961322
192,2.0000,134400,19.93904664
192,2.0000,263424,40.74284875
192,2.0000,526848,77.70070494
192,2.0000,1048320,154.87126618
192,2.0000,2096640,312.08515062
192,2.0000,4193280,632.68580293
192,2.0000,8391936,1280.04803049
192,2.0000,16778496,2546.18502456
192,3.0000,34560,5.32317672
192,3.0000,69120,9.71932882
192,3.0000,132480,19.30374237
192,3.0000,264960,38.30324198
192,3.0000,524160,72.12972319
192,3.0000,1048320,145.69039599
192,3.0000,2096640,290.06437748
192,3.0000,4193280,588.13287155
192,3.0000,8392320,1187.42734146
192,3.0000,16778880,2364.29271463
192,4.0000,36864,5.31167106
192,4.0000,67584,8.99333653
192,4.0000,135168,18.00211713
192,4.0000,264192,34.16126206
192,4.0000,528384,69.71742330
192,4.0000,1050624,136.02038529
192,4.0000,2101248,273.26655896
192,4.0000,4196352,552.58259411
192,4.0000,8392704,1124.83615919
192,4.0000,16779264,2216.00196839
192,5.0000,32640,4.62032433
192,5.0000,65280,8.59040275
192,5.0000,130560,16.49926906
192,5.0000,261120,31.82435377
192,5.0000,528768,67.89582421
192,5.0000,1051008,128.57728147
192,5.0000,2102016,257.83333250
192,5.0000,4197504,516.85755304
192,5.0000,8388480,1048.81474702
192,5.0000,16776960,2102.90695054
192,6.0000,34560,4.60520649
192,6.0000,69120,9.11554129
192,6.0000,131328,15.15305463
192,6.0000,262656,32.28534445
192,6.0000,525312,61.68469258
192,6.0000,1050624,120.90292629
192,6.0000,2101248,242.91553906
192,6.0000,4195584,488.99801300
192,6.0000,8391168,998.14373651
192,6.0000,16782336,2000.31592504
192,7.0000,36480,4.50665119
192,7.0000,65664,7.68624182
192,7.0000,131328,14.83483222
192,7.0000,262656,29.12909373
192,7.0000,525312,57.73011537
192,7.0000,1050624,117.11339289
192,7.0000,2101248,229.49424795
192,7.0000,4195200,461.14473535
192,7.0000,8390400,935.53894842
192,7.0000,16780800,1870.56163042
192,8.0000,38400,4.96903960
192,8.0000,69120,7.25587257
192,8.0000,130560,14.01932581
192,8.0000,261120,27.00935712
192,8.0000,529920,55.22886569
192,8.0000,1052160,110.58840585
192,8.0000,2096640,218.37009537
192,8.0000,4193280,437.48255335
192,8.0000,8394240,894.63131302
192,8.0000,16780800,1799.60584395
192,9.0000,32256,4.09548819
192,9.0000,64512,6.91165289
192,9.0000,137088,13.64730158
192,9.0000,266112,27.11763937
192,9.0000,524160,51.86627032
192,9.0000,1048320,103.63378771
192,9.0000,2096640,208.11890843
192,9.0000,4193280,416.17538581
192,9.0000,8394624,848.77691594
192,9.0000,16781184,1690.83830856
192,10.0000,33792,3.65212507
192,10.0000,67584,6.90707872
192,10.0000,135168,12.78872039
192,10.0000,261888,25.69532853
192,10.0000,523776,49.65008810
192,10.0000,1047552,98.82286520
192,10.0000,2095104,196.98450029
192,10.0000,4198656,398.61303629
192,10.0000,8388864,810.18567295
192,10.0000,16777728,1634.99514500
192,11.0000,35328,3.71050105
192,11.0000,70656,6.51027875
192,11.0000,132480,12.18424471
192,11.0000,264960,23.85724244
192,11.0000,529920,47.63779319
192,11.0000,1051008,94.26295272
192,11.0000,2102016,192.55125483
192,11.0000,4195200,380.05418054
192,11.0000,8390400,771.49655328
192,11.0000,16780800,1559.48190338
192,12.0000,36864,3.71626340
192,12.0000,64512,5.83009718
192,12.0000,129024,11.70576695
192,12.0000,267264,24.53159975
192,12.0000,525312,46.56318803
192,12.0000,1050624,90.95791421
192,12.0000,2101248,182.69800605
192,12.0000,4193280,365.14140892
192,12.0000,8386560,745.20538784
192,12.0000,16782336,1483.75650952
256,0.0000,36864,6.70737089
256,0.0000,67584,11.79365694
256,0.0000,135168,23.42555196
256,0.0000,264192,45.47132689
256,0.0000,528384,90.86699751
256,0.0000,1050624,177.42013506
256,0.0000,2101248,355.40639992
256,0.0000,4196352,717.09412757
256,0.0000,8392704,1436.73944065
256,0.0000,16779264,2866.98953994
256,1.0000,33280,5.75803401
256,1.0000,66560,10.96623280
256,1.0000,133120,21.53560548
256,1.0000,266240,41.98465525
256,1.0000,525824,84.45444381
256,1.0000,1051648,164.08351957
256,1.0000,2096640,325.90805789
256,1.0000,4193280,659.92677065
256,1.0000,8393216,1323.05834376
256,1.0000,16779776,2653.85155254
256,2.0000,35840,6.15736894
256,2.0000,64512,10.38680010
256,2.0000,136192,20.02445481
256,2.0000,265216,38.51182006
256,2.0000,523264,75.94078589
256,2.0000,1053696,152.66617174
256,2.0000,2100224,302.48314666
256,2.0000,4193280,610.69003752
256,2.0000,8393728,1225.60474717
256,2.0000,16780288,2469.29699588
256,3.0000,38400,6.08593816
256,3.0000,69120,9.59374201
256,3.0000,130560,18.53880475
256,3.0000,261120,36.72022696
256,3.0000,529920,71.82140084
256,3.0000,1052160,141.05550659
256,3.0000,2096640,283.24973010
256,3.0000,4193280,568.58854535
256,3.0000,8394240,1151.86102269
256,3.0000,16780800,2284.56520687
256,4.0000,32768,4.64923613
256,4.0000,65536,8.66814790
256,4.0000,131072,16.91947775
256,4.0000,262144,33.77645446
256,4.0000,524288,69.45949772
256,4.0000,1048576,132.77927161
256,4.0000,2097152,262.99944028
256,4.0000,4194304,533.33828602
256,4.0000,8388608,1080.35110280
256,4.0000,16777216,2155.75519397
256,5.0000,34816,5.12987480
256,5.0000,69632,9.53904408
256,5.0000,130560,16.41719952
256,5.0000,261120,31.69549396
256,5.0000,522240,62.83437857
256,5.0000,1053184,125.11224307
256,5.0000,2097664,250.29632661
256,5.0000,4195328,501.33558900
256,5.0000,8390656,1017.08169179
256,5.0000,16781312,2034.38701770
256,6.0000,36864,4.66092411
256,6.0000,64512,8.20261524
256,6.0000,129024,15.23539405
256,6.0000,267264,31.21733961
256,6.0000,525312,61.19013690
256,6.0000,1050624,117.58389109
256,6.0000,2101248,237.00466708
256,6.0000,4193280,474.57167198
256,6.0000,8386560,953.56393920
256,6.0000,16782336,1910.66251434
256,7.0000,38912,5.04327847
256,7.0000,68096,7.73710163
256,7.0000,136192,14.89462288
256,7.0000,262656,30.09729678
256,7.0000,525312,55.38686824
256,7.0000,1050624,111.12061246
256,7.0000,2101248,223.63171334
256,7.0000,4192768,448.18904937
256,7.0000,8395264,906.51678355
256,7.0000,16780800,1816.85842555
256,8.0000,30720,3.73753088
256,8.0000,71680,7.74147003
256,8.0000,133120,13.51794471
256,8.0000,266240,27.09113281
256,8.0000,522240,53.31372752
256,8.0000,1054720,106.13000492
256,8.0000,2099200,211.36368213
256,8.0000,4198400,425.08160243
256,8.0000,8386560,859.51308565
256,8.0000,16783360,1723.19042656
256,9.0000,32256,3.63881545
256,9.0000,64512,6.54519690
256,9.0000,129024,12.87333134
256,9.0000,268800,25.84737652
256,9.0000,526848,51.06805631
256,9.0000,1053696,100.98483356
256,9.0000,2096640,203.86493000
256,9.0000,4193280,404.51432709
256,9.0000,8386560,816.08408009
256,9.0000,16783872,1635.09094102
256,10.0000,33792,3.63123386
256,10.0000,67584,7.13784676
256,10.0000,135168,13.73328507
256,10.0000,270336,24.64333363
256,10.0000,529408,48.76534576
256,10.0000,1047552,96.82513726
256,10.0000,2095104,193.18245523
256,10.0000,4201472,386.48750204
256,10.0000,8391680,780.15944794
256,10.0000,16783360,1571.98558330
256,11.0000,35328,3.75911088
256,11.0000,70656,7.16586028
256,11.0000,129536,11.81220955
256,11.0000,270848,24.10752780
256,11.0000,529920,46.67104663
256,11.0000,1048064,91.68964832
256,11.0000,2096128,183.80585429
256,11.0000,4192256,365.94377178
256,11.0000,8396288,747.30818505
256,11.0000,16780800,1495.78520614
256,12.0000,36864,3.49294556
256,12.0000,73728,6.49719211
256,12.0000,135168,11.86206270
256,12.0000,270336,23.12361051
256,12.0000,528384,45.09510830
256,12.0000,1056768,88.82633637
256,12.0000,2101248,177.29198889
256,12.0000,4202496,353.60553885
256,12.0000,8392704,715.94660001
256,12.0000,16785408,1439.42690176
320,0.0000,38400,7.26405900
320,0.0000,69120,12.72903368
320,0.0000,130560,22.75124764
320,0.0000,261120,43.44259302
320,0.0000,529920,87.77986272
320,0.0000,1052160,175.80629919
320,0.0000,2096640,346.35645894
320,0.0000,4193280,698.36889879
320,0.0000,8394240,1400.78559327
320,0.0000,16780800,2794.04418870
320,1.0000,33280,5.89131452
320,1.0000,66560,10.64603702
320,1.0000,133120,21.13696152
320,1.0000,266240,41.34915126
320,1.0000,524160,79.83862925
320,1.0000,1048320,159.09886970
320,1.0000,2096640,318.35808636
320,1.0000,4193280,645.48274722
320,1.0000,8386560,1298.68624071
320,1.0000,16781440,2580.55570217
320,2.0000,35840,5.84830348
320,2.0000,71680,10.25650972
320,2.0000,134400,20.01224996
320,2.0000,268800,38.41669320
320,2.0000,528640,74.27852517
320,2.0000,1048320,149.57348093
320,2.0000,2096640,297.20240555
320,2.0000,4193280,597.31109217
320,2.0000,8386560,1206.59516737
320,2.0000,16782080,2416.93379685
320,3.0000,38400,5.72366217
320,3.0000,67200,9.38732213
320,3.0000,134400,17.68642150
320,3.0000,268800,36.16005277
320,3.0000,528000,72.62948079
320,3.0000,1046400,138.19690615
320,3.0000,2102400,277.46193040
320,3.0000,4195200,556.84930267
320,3.0000,8390400,1127.84613436
320,3.0000,16780800,2238.00935589
320,4.0000,30720,4.54558732
320,4.0000,71680,9.85893674
320,4.0000,133120,16.93925918
320,4.0000,266240,33.29499747
320,4.0000,522240,65.25339410
320,4.0000,1054720,132.21663456
320,4.0000,2099200,260.51382811
320,4.0000,4198400,521.59608553
320,4.0000,8386560,1058.07971174
320,4.0000,16783360,2094.88172929
320,5.0000,32640,4.35663060
320,5.0000,65280,8.17401293
320,5.0000,130560,16.21802156
320,5.0000,261120,31.14672372
320,5.0000,522240,60.98691077
320,5.0000,1055360,124.77912461
320,5.0000,2099840,244.25432134
320,5.0000,4199680,490.25056937
320,5.0000,8388480,989.97621586
320,5.0000,16776960,1977.76500552
320,6.0000,34560,4.67349213
320,6.0000,69120,8.16646475
320,6.0000,138240,15.27009823
320,6.0000,264960,30.97514137
320,6.0000,529920,58.47007846
320,6.0000,1048320,115.01988759
320,6.0000,2096640,231.26181084
320,6.0000,4193280,463.05857575
320,6.0000,8386560,940.19290262
320,6.0000,16784640,1879.53142122
320,7.0000,36480,4.40718743
320,7.0000,72960,8.66924802
320,7.0000,133760,14.42051543
320,7.0000,267520,28.07239517
320,7.0000,522880,54.68035135
320,7.0000,1045760,109.32474948
320,7.0000,2103680,220.02841337
320,7.0000,4195200,439.13514231
320,7.0000,8390400,888.09953092
320,7.0000,16780800,1765.48899744
320,8.0000,38400,4.43815852
320,8.0000,64000,6.87581710
320,8.0000,128000,13.62090627
320,8.0000,268800,26.99851180
320,8.0000,524800,52.17393081
320,8.0000,1049600,105.59823328
320,8.0000,2099200,208.01564708
320,8.0000,4198400,417.76884811
320,8.0000,8396800,840.00256734
320,8.0000,16780800,1688.06472525
320,9.0000,40320,4.41205054
320,9.0000,67200,6.88764044
320,9.0000,134400,12.95975412
320,9.0000,268800,26.06012427
320,9.0000,524160,51.76124243
320,9.0000,1048320,99.75776838
320,9.0000,2096640,197.58250862
320,9.0000,4193280,395.07701707
320,9.0000,8386560,798.26504563
320,9.0000,16786560,1601.55180639
320,10.0000,42240,4.81640283
320,10.0000,70400,6.64767461
320,10.0000,140800,13.16095075
320,10.0000,267520,24.85015950
320,10.0000,520960,47.21610500
320,10.0000,1056000,95.96016460
320,10.0000,2097920,190.75002866
320,10.0000,4195840,377.90278610
320,10.0000,8391680,768.90169574
320,10.0000,16783360,1526.94952136
320,11.0000,29440,3.16212102
320,11.0000,73600,7.21857188
320,11.0000,132480,11.96854171
320,11.0000,264960,23.28244940
320,11.0000,529920,46.02320611
320,11.0000,1045120,90.00653785
320,11.0000,2104960,181.00445233
320,11.0000,4195200,365.89008948
320,11.0000,8390400,728.25872709
320,11.0000,16780800,1470.97519939
320,12.0000,30720,4.35466331
320,12.0000,76800,6.92272470
320,12.0000,138240,11.95962467
320,12.0000,261120,22.04901169
320,12.0000,522240,48.26091112
320,12.0000,1059840,87.63037031
320,12.0000,2104320,178.40058085
320,12.0000,4193280,349.95753141
320,12.0000,8386560,697.59949332
320,12.0000,16788480,1398.74522648
384,0.0000,36864,9.57851796
384,0.0000,64512,16.30807916
384,0.0000,129024,24.76718253
384,0.0000,267264,49.94613851
384,0.0000,525312,89.95971590
384,0.0000,1050624,175.07074389
384,0.0000,2101248,346.72474055
384,0.0000,4193280,702.35967261
384,0.0000,8386560,1386.24068701
384,0.0000,16782336,2753.75794783
384,1.0000,39936,8.20016055
384,1.0000,69888,15.80277516
384,1.0000,129792,20.12521310
384,1.0000,269568,43.94654677
384,1.0000,529152,79.64719860
384,1.0000,1048320,157.27622704
384,1.0000,2096640,314.31633159
384,1.0000,4193280,644.20587612
384,1.0000,8386560,1279.30494037
384,1.0000,16783104,2540.51593490
384,2.0000,32256,5.12539028
384,2.0000,64512,10.68830303
384,2.0000,129024,18.54236302
384,2.0000,268800,37.50708962
384,2.0000,526848,73.73457716
384,2.0000,1053696,152.21344038
384,2.0000,2096640,292.01583011
384,2.0000,4193280,587.00678483
384,2.0000,8386560,1191.83559275
384,2.0000,16783872,2376.11292293
384,3.0000,34560,5.18965740
384,3.0000,69120,10.42108959
384,3.0000,138240,18.52614981
384,3.0000,264960,34.44780625
384,3.0000,529920,69.26837582
384,3.0000,1048320,135.82045271
384,3.0000,2096640,272.55561648
384,3.0000,4193280,549.02604447
384,3.0000,8386560,1101.92275928
384,3.0000,16784640,2202.47885247
384,4.0000,36864,4.84315854
384,4.0000,73728,9.84315415
384,4.0000,135168,17.05454299
384,4.0000,270336,34.38501519
384,4.0000,528384,64.77682377
384,4.0000,1056768,131.77830187
384,4.0000,2101248,255.94850662
384,4.0000,4202496,515.50707727
384,4.0000,8392704,1035.83304012
384,4.0000,16785408,2074.72208348
384,5.0000,39168,5.11283207
384,5.0000,65280,8.62371903
384,5.0000,130560,15.60692798
384,5.0000,261120,30.51631293
384,5.0000,522240,59.76846383
384,5.0000,1057536,121.39139592
384,5.0000,2102016,250.39897212
384,5.0000,4204032,488.55532828
384,5.0000,8395008,973.08312572
384,5.0000,16776960,1950.58107189
384,6.0000,41472,6.18620770
384,6.0000,69120,10.93869408
384,6.0000,138240,15.54404321
384,6.0000,262656,29.01326373
384,6.0000,525312,56.76257629
384,6.0000,1050624,113.82085628
384,6.0000,2101248,227.60584201
384,6.0000,4202496,459.29649997
384,6.0000,8391168,916.99075024
384,6.0000,16782336,1836.05906442
384,7.0000,29184,3.63286093
384,7.0000,72960,8.31782349
384,7.0000,131328,14.09640477
384,7.0000,262656,27.47366451
384,7.0000,525312,54.40053138
384,7.0000,1050624,107.49999926
384,7.0000,2101248,216.39072670
384,7.0000,4202496,439.53695106
384,7.0000,8390400,873.48634155
384,7.0000,16780800,1745.82634801
384,8.0000,30720,3.63236891
384,8.0000,76800,8.30915458
384,8.0000,138240,13.82174076
384,8.0000,261120,25.48075135
384,8.0000,522240,51.46807189
384,8.0000,1059840,103.53999224
384,8.0000,2104320,205.37509015
384,8.0000,4193280,409.34138797
384,8.0000,8386560,826.17384270
384,8.0000,16788480,1668.36987783
384,9.0000,32256,3.63560218
384,9.0000,64512,6.62016887
384,9.0000,129024,12.41704859
384,9.0000,274176,26.03361723
384,9.0000,532224,49.86322151
384,9.0000,1048320,101.98094654
384,9.0000,2096640,194.85573724
384,9.0000,4193280,399.18856613
384,9.0000,8386560,788.21236139
384,9.0000,16789248,1589.77485115
384,10.0000,33792,3.63808570
384,10.0000,67584,6.71648754
384,10.0000,135168,15.23320405
384,10.0000,270336,24.55228717
384,10.0000,523776,46.86850984
384,10.0000,1047552,92.64574392
384,10.0000,2095104,186.30443879
384,10.0000,4190208,371.25078668
384,10.0000,8397312,753.43818222
384,10.0000,16777728,1511.55404044
384,11.0000,35328,3.63079913
384,11.0000,70656,6.62942353
384,11.0000,141312,13.46069218
384,11.0000,264960,22.47406720
384,11.0000,529920,45.46363024
384,11.0000,1059840,90.17128427
384,11.0000,2102016,178.18759354
384,11.0000,4204032,361.31199332
384,11.0000,8390400,727.56791546
384,11.0000,16780800,1438.84914289
384,12.0000,36864,3.63501644
384,12.0000,73728,6.63619465
384,12.0000,129024,11.09799124
384,12.0000,258048,21.56643185
384,12.0000,534528,44.00893952
384,12.0000,1050624,85.81309292
384,12.0000,2101248,171.02093161
384,12.0000,4202496,342.21561637
384,12.0000,8386560,686.65537163
384,12.0000,16773120,1376.48466717
448,0.0000,32256,8.48824748
448,0.0000,64512,14.55144667
448,0.0000,129024,24.81182169
448,0.0000,268800,44.97505956
448,0.0000,526848,90.36304788
448,0.0000,1053696,169.29396654
448,0.0000,2096640,342.71215337
448,0.0000,4193280,692.91674480
448,0.0000,8386560,1366.20720258
448,0.0000,16783872,2725.47631808
448,1.0000,34944,6.71875773
448,1.0000,69888,10.61471723
448,1.0000,139776,20.96912691
448,1.0000,267904,40.03766161
448,1.0000,524160,83.15683244
448,1.0000,1048320,155.56532311
448,1.0000,2096640,315.48942098
448,1.0000,4193280,636.57550060
448,1.0000,8386560,1259.83607325
448,1.0000,16784768,2512.87247361
448,2.0000,37632,5.49894497
448,2.0000,62720,10.57542814
448,2.0000,137984,19.30764743
448,2.0000,263424,36.45409431
448,2.0000,526848,77.84500811
448,2.0000,1053696,145.82521612
448,2.0000,2094848,288.85111953
448,2.0000,4202240,581.89693908
448,2.0000,8391936,1181.28649937
448,2.0000,16783872,2347.44526585
448,3.0000,40320,5.50523863
448,3.0000,67200,10.94633748
448,3.0000,134400,17.55018967
448,3.0000,268800,34.80774738
448,3.0000,524160,67.73572716
448,3.0000,1048320,134.73815059
448,3.0000,2096640,275.29279823
448,3.0000,4193280,544.29677425
448,3.0000,8386560,1088.35985016
448,3.0000,16786560,2189.36472391
448,4.0000,43008,5.49339174
448,4.0000,71680,10.05948701
448,4.0000,129024,15.85897729
448,4.0000,272384,33.11567888
448,4.0000,530432,68.15885998
448,4.0000,1046528,126.21167839
448,4.0000,2107392,258.43817347
448,4.0000,4200448,510.15266073
448,4.0000,8386560,1019.39635062
448,4.0000,16787456,2050.51396852
448,5.0000,30464,5.06882434
448,5.0000,76160,8.94780022
448,5.0000,137088,15.57754434
448,5.0000,258944,29.67749046
448,5.0000,533120,60.75640735
448,5.0000,1051008,119.07286526
448,5.0000,2102016,243.81511330
448,5.0000,4204032,481.25456579
448,5.0000,8392832,966.86635606
448,5.0000,16785664,1942.64645254
448,6.0000,32256,4.70342196
448,6.0000,64512,7.25776790
448,6.0000,129024,14.13703705
448,6.0000,274176,29.62869147
448,6.0000,532224,57.30162866
448,6.0000,1048320,112.55920674
448,6.0000,2096640,234.91625090
448,6.0000,4193280,453.13033628
448,6.0000,8386560,905.91042586
448,6.0000,16789248,1815.95506783
448,7.0000,34048,4.71263106
448,7.0000,68096,8.58200448
448,7.0000,136192,14.11239460
448,7.0000,272384,27.95846566
448,7.0000,527744,53.70565916
448,7.0000,1055488,107.43547485
448,7.0000,2093952,212.25456958
448,7.0000,4204928,442.90945859
448,7.0000,8392832,873.19011366
448,7.0000,16785664,1717.85588775
448,8.0000,35840,3.76483391
448,8.0000,71680,7.22060755
448,8.0000,143360,13.92906867
448,8.0000,268800,26.23002351
448,8.0000,537600,52.14529471
448,8.0000,1057280,102.36530848
448,8.0000,2096640,201.99213524
448,8.0000,4193280,406.50543589
448,8.0000,8386560,817.09122158
448,8.0000,16773120,1634.14634718
448,9.0000,37632,4.80629550
448,9.0000,75264,8.00261771
448,9.0000,131712,12.40149140
448,9.0000,263424,24.51912031
448,9.0000,526848,48.74787623
448,9.0000,1053696,97.08423515
448,9.0000,2107392,193.56802754
448,9.0000,4195968,391.13868282
448,9.0000,8391936,778.14187693
448,9.0000,16783872,1571.67936056
448,10.0000,39424,4.57736369
448,10.0000,78848,7.23282465
448,10.0000,137984,12.41771146
448,10.0000,275968,24.51900462
448,10.0000,532224,46.89238086
448,10.0000,1044736,91.48429084
448,10.0000,2109184,189.03240561
448,10.0000,4198656,370.43062704
448,10.0000,8397312,744.37714141
448,10.0000,16774912,1485.68214467
448,11.0000,41216,3.66003987
448,11.0000,61824,5.55588870
448,11.0000,144256,12.42506948
448,11.0000,267904,22.74641432
448,11.0000,535808,45.25484968
448,11.0000,1051008,88.20855747
448,11.0000,2102016,176.47204562
448,11.0000,4204032,358.97107876
448,11.0000,8387456,709.28863209
448,11.0000,16774912,1421.98271170
448,12.0000,43008,3.77531563
448,12.0000,64512,6.15013034
448,12.0000,129024,10.69787681
448,12.0000,258048,20.99640714
448,12.0000,537600,43.26144916
448,12.0000,1053696,84.59065271
448,12.0000,2107392,173.27715799
448,12.0000,4193280,337.36490407
448,12.0000,8386560,679.59034017
448,12.0000,16773120,1371.80251920
512,0.0000,36864,9.00195446
512,0.0000,73728,15.96552320
512,0.0000,135168,26.26513597
512,0.0000,270336,46.37618549
512,0.0000,528384,85.26961319
512,0.0000,1056768,178.66846174
512,0.0000,2101248,335.44306643
512,0.0000,4202496,681.44726101
512,0.0000,8392704,1348.99746627
512,0.0000,16785408,2689.41123504
512,1.0000,39936,6.20712526
512,1.0000,66560,12.01143023
512,1.0000,133120,19.98243388
512,1.0000,266240,39.44335040
512,1.0000,532480,78.72723509
512,1.0000,1051648,155.19754961
512,1.0000,2103296,314.27382492
512,1.0000,4193280,618.32587235
512,1.0000,8386560,1253.13096214
512,1.0000,16786432,2476.15175322
512,2.0000,43008,6.19336497
512,2.0000,71680,10.83505340
512,2.0000,129024,17.95939170
512,2.0000,272384,37.27402072
512,2.0000,530432,72.86611944
512,2.0000,1046528,142.89082028
512,2.0000,2107392,293.34882274
512,2.0000,4200448,575.80946013
512,2.0000,8386560,1159.05429702
512,2.0000,16787456,2312.28945777
512,3.0000,30720,4.24911268
512,3.0000,76800,10.85097902
512,3.0000,138240,18.01582985
512,3.0000,261120,33.62959251
512,3.0000,522240,66.88926369
512,3.0000,1059840,135.49160212
512,3.0000,2104320,268.61024089
512,3.0000,4193280,546.07617203
512,3.0000,8386560,1078.87606137
512,3.0000,16788480,2155.97900096
512,4.0000,32768,4.26962506
512,4.0000,65536,8.75450205
512,4.0000,131072,15.95478971
512,4.0000,262144,31.62724897
512,4.0000,524288,62.98134103
512,4.0000,1048576,125.59941970
512,4.0000,2097152,256.60137180
512,4.0000,4194304,503.38252913
512,4.0000,8388608,1009.87344049
512,4.0000,16777216,2011.74598187
512,5.0000,34816,5.23808412
512,5.0000,69632,8.17254186
512,5.0000,139264,17.25440379
512,5.0000,261120,29.41112034
512,5.0000,522240,59.04834252
512,5.0000,1044480,117.85048991
512,5.0000,2106368,237.40536999
512,5.0000,4195328,472.92460222
512,5.0000,8390656,950.57471190
512,5.0000,16781312,1906.03663214
512,6.0000,36864,7.96485692
512,6.0000,73728,8.56816769
512,6.0000,129024,14.04501963
512,6.0000,258048,27.47771796
512,6.0000,534528,62.07842380
512,6.0000,1050624,111.80958245
512,6.0000,2101248,223.77753630
512,6.0000,4202496,448.32557905
512,6.0000,8386560,894.22462042
512,6.0000,16773120,1792.73311514
512,7.0000,38912,5.23566268
512,7.0000,77824,8.13105144
512,7.0000,136192,14.02890775
512,7.0000,272384,27.77625341
512,7.0000,525312,52.92694550
512,7.0000,1050624,106.13612831
512,7.0000,2101248,211.47208754
512,7.0000,4202496,429.60781138
512,7.0000,8385536,847.48156369
512,7.0000,16790528,1696.39559463
512,8.0000,40960,5.14208805
512,8.0000,61440,6.22880179
512,8.0000,143360,14.39189073
512,8.0000,266240,25.75058024
512,8.0000,532480,51.26094911
512,8.0000,1044480,99.90197141
512,8.0000,2109440,210.26211325
512,8.0000,4198400,407.64638688
512,8.0000,8396800,806.67471047
512,8.0000,16773120,1609.46445540
512,9.0000,43008,4.93065454
512,9.0000,64512,6.17117621
512,9.0000,129024,12.08719332
512,9.0000,258048,23.81396480
512,9.0000,537600,49.36074838
512,9.0000,1053696,96.37197945
512,9.0000,2107392,192.52237398
512,9.0000,4193280,384.47538391
512,9.0000,8386560,767.13250019
512,9.0000,16773120,1544.09238603
512,10.0000,45056,4.93621919
512,10.0000,67584,6.18321355
512,10.0000,135168,12.10058108
512,10.0000,270336,23.81904051
512,10.0000,540672,47.36708943
512,10.0000,1058816,92.11935103
512,10.0000,2095104,182.76544288
512,10.0000,4190208,365.14825188
512,10.0000,8402944,739.23429009
512,10.0000,16783360,1462.97228057
512,11.0000,47104,4.25712205
512,11.0000,70656,6.18966296
512,11.0000,141312,12.07285095
512,11.0000,259072,21.87585924
512,11.0000,541696,50.39658863
512,11.0000,1059840,88.45906705
512,11.0000,2096128,179.77617681
512,11.0000,4192256,349.12957344
512,11.0000,8384512,699.89794865
512,11.0000,16792576,1402.32811682
512,12.0000,49152,4.27931082
512,12.0000,73728,6.46240078
512,12.0000,147456,12.13094220
512,12.0000,270336,21.91816457
512,12.0000,540672,44.81698852
512,12.0000,1056768,84.77128576
512,12.0000,2113536,168.98866743
512,12.0000,4202496,346.36084456
512,12.0000,8404992,671.69980612
512,12.0000,16785408,1362.78006248
576,0.0000,41472,10.70632335
576,0.0000,69120,15.14988181
576,0.0000,138240,25.91261341
576,0.0000,262656,44.99603385
576,0.0000,525312,89.73900091
576,0.0000,1050624,166.83544734
576,0.0000,2101248,337.62634812
576,0.0000,4202496,676.43460208
576,0.0000,8391168,1343.47367710
576,0.0000,16782336,2684.81520039
576,1.0000,29952,4.73698256
576,1.0000,74880,16.66057901
576,1.0000,134784,20.07319787
576,1.0000,269568,39.80072560
576,1.0000,524160,76.95996743
576,1.0000,1048320,153.54862460
576,1.0000,2096640,311.39177305
576,1.0000,4193280,617.59886182
576,1.0000,8386560,1250.57850447
576,1.0000,16788096,2494.98436388
576,2.0000,32256,4.74739958
576,2.0000,64512,10.19278518
576,2.0000,129024,20.32474695
576,2.0000,274176,37.56548244
576,2.0000,532224,72.55998567
576,2.0000,1048320,142.61013748
576,2.0000,2096640,285.42659165
576,2.0000,4193280,574.08179122
576,2.0000,8386560,1149.60359111
576,2.0000,16789248,2301.73371088
576,3.0000,34560,4.64932326
576,3.0000,69120,9.84732200
576,3.0000,138240,17.88849908
576,3.0000,259200,33.20178776
576,3.0000,535680,68.31954751
576,3.0000,1054080,133.86131621
576,3.0000,2108160,267.91830214
576,3.0000,4199040,535.65286928
576,3.0000,8398080,1077.72733418
576,3.0000,16778880,2153.63792247
576,4.0000,36864,4.74999808
576,4.0000,73728,9.79146564
576,4.0000,129024,15.62499430
576,4.0000,258048,34.71066830
576,4.0000,534528,63.82040863
576,4.0000,1050624,125.26300126
576,4.0000,2101248,249.94646693
576,4.0000,4202496,503.02960530
576,4.0000,8386560,1025.47087051
576,4.0000,16773120,2020.45417218
576,5.0000,39168,4.70563953
576,5.0000,78336,9.12519057
576,5.0000,137088,15.68607066
576,5.0000,274176,31.06811624
576,5.0000,528768,59.42707260
576,5.0000,1057536,118.65065698
576,5.0000,2095488,234.91455265
576,5.0000,4190976,476.03789947
576,5.0000,8401536,948.12190919
576,5.0000,16783488,1896.14679986
576,6.0000,41472,4.66433940
576,6.0000,62208,6.92832709
576,6.0000,145152,15.61883147
576,6.0000,269568,28.82675624
576,6.0000,539136,57.26842785
576,6.0000,1057536,111.95939172
576,6.0000,2094336,226.12298252
576,6.0000,4209408,447.02614347
576,6.0000,8398080,898.74295633
576,6.0000,16775424,1806.13251840
576,7.0000,43776,4.66636302
576,7.0000,65664,6.93780129
576,7.0000,131328,13.50183178
576,7.0000,262656,26.61940676
576,7.0000,525312,52.89640876
576,7.0000,1050624,105.44723935
576,7.0000,2101248,210.84809653
576,7.0000,4202496,428.50945007
576,7.0000,8404992,849.11852523
576,7.0000,16788096,1695.08497196
576,8.0000,46080,5.44115441
576,8.0000,69120,6.92207228
576,8.0000,138240,13.50569504
576,8.0000,276480,26.63897603
576,8.0000,529920,50.80401438
576,8.0000,1059840,100.90981277
576,8.0000,2096640,199.89187979
576,8.0000,4193280,408.91417015
576,8.0000,8386560,804.68441233
576,8.0000,16773120,1611.32869529
576,9.0000,48384,5.51437246
576,9.0000,72576,6.94000887
576,9.0000,145152,13.51668695
576,9.0000,266112,24.47812370
576,9.0000,532224,48.91195783
576,9.0000,1064448,96.84644088
576,9.0000,2104704,190.81346231
576,9.0000,4209408,387.82417498
576,9.0000,8394624,770.91281613
576,9.0000,16789248,1541.57707261
576,10.0000,50688,5.30913656
576,10.0000,76032,6.82406495
576,10.0000,126720,11.28730767
576,10.0000,278784,24.39717912
576,10.0000,532224,46.68837344
576,10.0000,1064448,92.44291779
576,10.0000,2103552,186.65962565
576,10.0000,4207104,364.49787885
576,10.0000,8388864,730.37827732
576,10.0000,16777728,1463.95207187
576,11.0000,26496,3.28954631
576,11.0000,79488,6.93064965
576,11.0000,132480,11.14128548
576,11.0000,264960,21.96934764
576,11.0000,529920,44.22975083
576,11.0000,1059840,88.10918640
576,11.0000,2093184,178.23446772
576,11.0000,4212864,349.45630641
576,11.0000,8399232,700.52044351
576,11.0000,16771968,1399.71760412
576,12.0000,27648,3.48330740
576,12.0000,82944,6.85543098
576,12.0000,138240,11.18152782
576,12.0000,276480,22.03897838
576,12.0000,525312,41.98080228
576,12.0000,1050624,88.79378898
576,12.0000,2101248,167.17081545
576,12.0000,4202496,334.15276787
576,12.0000,8404992,671.11727908
576,12.0000,16782336,1346.33941415
640,0.0000,30720,8.17656983
640,0.0000,76800,17.02979207
640,0.0000,138240,25.22235736
640,0.0000,261120,43.68955269
640,0.0000,522240,83.97498168
640,0.0000,1059840,173.59210178
640,0.0000,2104320,332.83038065
640,0.0000,4193280,670.18584814
640,0.0000,8386560,1338.49061094
640,0.0000,16788480,2664.24189322
640,1.0000,33280,6.27331901
640,1.0000,66560,11.26737334
640,1.0000,133120,19.73467879
640,1.0000,266240,39.18602597
640,1.0000,532480,85.05850565
640,1.0000,1048320,152.65303664
640,1.0000,2096640,311.88975554
640,1.0000,4193280,614.79841825
640,1.0000,8386560,1236.70382891
640,1.0000,16773120,2467.13289525
640,2.0000,35840,6.92303292
640,2.0000,71680,9.94571019
640,2.0000,143360,19.88857985
640,2.0000,268800,36.81767266
640,2.0000,537600,73.03673774
640,2.0000,1057280,143.37264001
640,2.0000,2096640,288.91072143
640,2.0000,4193280,574.68339801
640,2.0000,8386560,1153.19248289
640,2.0000,16773120,2292.44364891
640,3.0000,38400,6.67695422
640,3.0000,76800,10.29649284
640,3.0000,134400,17.04033930
640,3.0000,268800,34.19190180
640,3.0000,537600,68.19043774
640,3.0000,1056000,133.83768965
640,3.0000,2092800,264.24627285
640,3.0000,4204800,541.30898789
640,3.0000,8390400,1070.59178408
640,3.0000,16780800,2135.14210191
640,4.0000,40960,7.60175753
640,4.0000,61440,8.47608317
640,4.0000,143360,17.35128462
640,4.0000,266240,31.87265247
640,4.0000,532480,63.41857370
640,4.0000,1044480,123.59493412
640,4.0000,2109440,253.06250900
640,4.0000,4198400,506.47372846
640,4.0000,8396800,1008.34628101
640,4.0000,16773120,2004.59863991
640,5.0000,43520,5.10448590
640,5.0000,65280,8.24744347
640,5.0000,130560,14.90390860
640,5.0000,261120,29.45070155
640,5.0000,522240,63.99003323
640,5.0000,1044480,116.64149351
640,5.0000,2110720,235.53045467
640,5.0000,4199680,470.21512873
640,5.0000,8399360,961.20517701
640,5.0000,16776960,1879.28848900
640,6.0000,46080,8.96111596
640,6.0000,69120,7.88057223
640,6.0000,138240,16.02275297
640,6.0000,276480,29.48369365
640,6.0000,529920,56.02587480
640,6.0000,1059840,111.47647165
640,6.0000,2096640,220.77977192
640,6.0000,4193280,443.99355538
640,6.0000,8386560,888.69610336
640,6.0000,16773120,1779.98223808
640,7.0000,48640,6.41436782
640,7.0000,72960,7.53379427
640,7.0000,145920,14.92088195
640,7.0000,267520,32.00399224
640,7.0000,535040,53.71533334
640,7.0000,1045760,104.25273795
640,7.0000,2091520,208.99502560
640,7.0000,4207360,421.79953307
640,7.0000,8390400,845.17754149
640,7.0000,16780800,1688.90566565
640,8.0000,51200,5.09843230
640,8.0000,76800,7.71747436
640,8.0000,128000,12.50226051
640,8.0000,256000,24.61113036
640,8.0000,537600,51.33671220
640,8.0000,1049600,105.38790375
640,8.0000,2099200,203.79542839
640,8.0000,4198400,398.61181285
640,8.0000,8396800,806.55098427
640,8.0000,16793600,1607.74649121
640,9.0000,26880,3.23515851
640,9.0000,80640,7.69796316
640,9.0000,134400,12.50859350
640,9.0000,268800,24.29492306
640,9.0000,537600,48.60528279
640,9.0000,1048320,95.05203925
640,9.0000,2096640,189.23983444
640,9.0000,4193280,384.94912442
640,9.0000,8386560,760.73869132
640,9.0000,16773120,1523.22128415
640,10.0000,28160,3.12626362
640,10.0000,84480,7.67530873
640,10.0000,140800,12.47832552
640,10.0000,281600,24.64891877
640,10.0000,535040,46.43418361
640,10.0000,1041920,90.03477171
640,10.0000,2112000,187.19392829
640,10.0000,4195840,362.58369219
640,10.0000,8391680,728.06065436
640,10.0000,16783360,1465.11495113
640,11.0000,29440,3.74100637
640,11.0000,58880,5.46544325
640,11.0000,147200,12.48652115
640,11.0000,264960,22.16445282
640,11.0000,529920,43.95928700
640,11.0000,1059840,87.76795585
640,11.0000,2090240,172.97589220
640,11.0000,4209920,352.99756564
640,11.0000,8390400,696.37577981
640,11.0000,16780800,1398.97216577
640,12.0000,30720,2.96004582
640,12.0000,61440,6.13017473
640,12.0000,153600,12.52393704
640,12.0000,276480,22.15476707
640,12.0000,522240,41.24932457
640,12.0000,1044480,82.76544977
640,12.0000,2119680,167.98516735
640,12.0000,4208640,337.18731720
640,12.0000,8386560,678.76288667
640,12.0000,16773120,1333.72235578
704,0.0000,33792,9.10297457
704,0.0000,67584,14.29682335
704,0.0000,135168,24.55113450
704,0.0000,270336,44.79328760
704,0.0000,523776,86.90868706
704,0.0000,1047552,180.32670582
704,0.0000,2095104,329.94973248
704,0.0000,4190208,666.61647868
704,0.0000,8397312,1329.57072841
704,0.0000,16777728,2661.73059197
704,1.0000,36608,6.49648587
704,1.0000,73216,13.99529672
704,1.0000,128128,19.86315445
704,1.0000,274560,40.29565937
704,1.0000,530816,82.20414757
704,1.0000,1061632,154.39518193
704,1.0000,2104960,305.95659743
704,1.0000,4191616,610.93770598
704,1.0000,8401536,1236.80408659
704,1.0000,16784768,2456.18142865
704,2.0000,39424,8.38774218
704,2.0000,78848,10.86490842
704,2.0000,137984,19.00587056
704,2.0000,275968,37.55779289
704,2.0000,532224,71.71335639
704,2.0000,1044736,141.17212972
704,2.0000,2109184,290.03241780
704,2.0000,4198656,572.76067409
704,2.0000,8397312,1142.08681737
704,2.0000,16774912,2284.11522125
704,3.0000,42240,7.31179894
704,3.0000,63360,8.38547665
704,3.0000,126720,17.42515631
704,3.0000,274560,34.93278284
704,3.0000,528000,66.75372210
704,3.0000,1056000,137.85844313
704,3.0000,2112000,271.59961133
704,3.0000,4202880,534.12481255
704,3.0000,8384640,1060.70515317
704,3.0000,16790400,2130.39038136
704,4.0000,45056,6.17104264
704,4.0000,67584,8.21689266
704,4.0000,135168,16.00272603
704,4.0000,270336,32.22885270
704,4.0000,540672,64.12049072
704,4.0000,1058816,130.27674165
704,4.0000,2095104,247.65330516
704,4.0000,4190208,496.01058508
704,4.0000,8402944,1002.02713641
704,4.0000,16783360,1991.24716853
704,5.0000,47872,7.86038589
704,5.0000,71808,8.43319306
704,5.0000,143616,26.47130560
704,5.0000,263296,29.65331078
704,5.0000,526592,58.77919518
704,5.0000,1053184,117.25901249
704,5.0000,2106368,234.10011515
704,5.0000,4188800,472.49989263
704,5.0000,8401536,942.48658064
704,5.0000,16779136,1878.61001510
704,6.0000,50688,6.66574718
704,6.0000,76032,8.38989094
704,6.0000,126720,13.36363229
704,6.0000,278784,29.64852279
704,6.0000,532224,56.19564213
704,6.0000,1064448,112.01870853
704,6.0000,2103552,220.70072475
704,6.0000,4207104,448.75802198
704,6.0000,8388864,883.37519232
704,6.0000,16777728,1781.86894397
704,7.0000,26752,3.09434991
704,7.0000,80256,8.52654720
704,7.0000,133760,13.70091704
704,7.0000,267520,26.62167187
704,7.0000,535040,53.42848716
704,7.0000,1043328,108.95385731
704,7.0000,2113408,214.82749512
704,7.0000,4200064,423.18573753
704,7.0000,8400128,840.11999417
704,7.0000,16773504,1673.11942876
704,8.0000,28160,3.08070997
704,8.0000,84480,8.70835071
704,8.0000,140800,17.16592749
704,8.0000,281600,26.92896744
704,8.0000,535040,50.74452644
704,8.0000,1041920,98.60462716
704,8.0000,2112000,199.67623732
704,8.0000,4195840,397.14644882
704,8.0000,8391680,807.07874791
704,8.0000,16783360,1603.50578145
704,9.0000,29568,3.50195973
704,9.0000,59136,5.74108108
704,9.0000,147840,13.52537295
704,9.0000,266112,27.54661824
704,9.0000,532224,47.91673915
704,9.0000,1064448,95.99764799
704,9.0000,2099328,189.01831024
704,9.0000,4198656,381.39762643
704,9.0000,8397312,762.58609941
704,9.0000,16794624,1518.50086955
704,10.0000,30976,3.08070997
704,10.0000,61952,6.05769572
704,10.0000,123904,10.77947198
704,10.0000,278784,24.29017733
704,10.0000,526592,50.22529805
704,10.0000,1053184,93.09082383
704,10.0000,2106368,185.73697178
704,10.0000,4212736,363.15311646
704,10.0000,8394496,724.81270681
704,10.0000,16788992,1445.50108517
704,11.0000,32384,3.07935532
704,11.0000,64768,7.37950813
704,11.0000,129536,11.02045973
704,11.0000,259072,24.71413639
704,11.0000,518144,42.91947826
704,11.0000,1068672,88.03115556
704,11.0000,2104960,172.71777119
704,11.0000,4209920,356.47295859
704,11.0000,8387456,690.74921287
704,11.0000,16774912,1400.81075105
704,12.0000,33792,4.44710909
704,12.0000,67584,5.77095347
704,12.0000,135168,11.20543966
704,12.0000,270336,22.25469739
704,12.0000,540672,42.96189285
704,12.0000,1047552,82.79260330
704,12.0000,2095104,166.04398952
704,12.0000,4190208,330.39576301
704,12.0000,8380416,663.75274643
704,12.0000,16794624,1329.21111528
768,0.0000,36864,9.50413538
768,0.0000,73728,15.38388523
768,0.0000,129024,22.95351415
768,0.0000,258048,44.82349772
768,0.0000,534528,84.60994304
768,0.0000,1050624,165.84810743
768,0.0000,2101248,334.99960454
768,0.0000,4202496,669.34473077
768,0.0000,8386560,1327.13551966
768,0.0000,16773120,2636.82649367
768,1.0000,39936,8.19586861
768,1.0000,79872,16.44752460
768,1.0000,139776,25.59626268
768,1.0000,259584,37.79495572
768,1.0000,539136,88.13349277
768,1.0000,1058304,157.07813019
768,1.0000,2096640,308.65375366
768,1.0000,4193280,608.81964035
768,1.0000,8386560,1216.86467326
768,1.0000,16773120,2446.09800018
768,2.0000,43008,6.92545264
768,2.0000,64512,10.54813648
768,2.0000,129024,17.58353118
768,2.0000,258048,34.75895910
768,2.0000,537600,76.76215911
768,2.0000,1053696,141.55112023
768,2.0000,2107392,283.45062409
768,2.0000,4193280,576.37634009
768,2.0000,8386560,1141.61670668
768,2.0000,16773120,2272.34800013
768,3.0000,46080,6.22627084
768,3.0000,69120,10.24220277
768,3.0000,138240,17.60917129
768,3.0000,276480,40.02497888
768,3.0000,529920,66.87298509
768,3.0000,1059840,132.86969912
768,3.0000,2096640,269.18209537
768,3.0000,4193280,535.49199193
768,3.0000,8386560,1066.08421530
768,3.0000,16773120,2109.99518081
768,4.0000,49152,6.21258845
768,4.0000,73728,9.11120923
768,4.0000,147456,17.76216115
768,4.0000,270336,32.02855127
768,4.0000,540672,63.57927657
768,4.0000,1056768,139.62440929
768,4.0000,2113536,248.66048293
768,4.0000,4202496,501.55218277
768,4.0000,8404992,991.02391597
768,4.0000,16785408,1986.75905941
768,5.0000,52224,6.08728532
768,5.0000,78336,11.07234462
768,5.0000,130560,14.84769638
768,5.0000,261120,29.12395162
768,5.0000,522240,57.83382113
768,5.0000,1044480,120.68238891
768,5.0000,2115072,234.28472564
768,5.0000,4204032,471.36592552
768,5.0000,8408064,944.65577952
768,5.0000,16790016,1869.38686687
768,6.0000,27648,3.28540710
768,6.0000,82944,9.78567074
768,6.0000,138240,14.88975537
768,6.0000,276480,29.13117225
768,6.0000,525312,55.28413587
768,6.0000,1050624,110.27567549
768,6.0000,2101248,219.87790127
768,6.0000,4202496,445.18083702
768,6.0000,8404992,887.51350564
768,6.0000,16782336,1771.66512075
768,7.0000,29184,3.77709943
768,7.0000,58368,6.94154957
768,7.0000,145920,14.88754779
768,7.0000,262656,26.05661198
768,7.0000,525312,52.38705579
768,7.0000,1050624,104.55613611
768,7.0000,2101248,211.63174124
768,7.0000,4202496,422.82272544
768,7.0000,8404992,835.53386323
768,7.0000,16780800,1667.55730723
768,8.0000,30720,3.23603551
768,8.0000,61440,6.63754749
768,8.0000,153600,14.90035635
768,8.0000,276480,26.39244000
768,8.0000,522240,49.56733297
768,8.0000,1044480,99.15798351
768,8.0000,2119680,203.45042885
768,8.0000,4208640,402.11362971
768,8.0000,8386560,792.41560565
768,8.0000,16773120,1589.45825181
768,9.0000,32256,4.15434256
768,9.0000,64512,6.19810121
768,9.0000,129024,11.99131855
768,9.0000,258048,23.36911397
768,9.0000,548352,49.23060812
768,9.0000,1064448,95.86970195
768,9.0000,2096640,188.17708356
768,9.0000,4193280,381.08767735
768,9.0000,8386560,758.45746898
768,9.0000,16773120,1511.78615605
768,10.0000,33792,3.84017641
768,10.0000,67584,6.19607759
768,10.0000,135168,11.64217606
768,10.0000,270336,31.57512365
768,10.0000,540672,51.63493808
768,10.0000,1047552,89.69337760
768,10.0000,2095104,179.52902909
768,10.0000,4190208,358.64892013
768,10.0000,8380416,724.10813084
768,10.0000,16794624,1443.64052441
768,11.0000,35328,4.04794183
768,11.0000,70656,6.22898432
768,11.0000,141312,12.00665662
768,11.0000,282624,23.57630450
768,11.0000,529920,43.76523933
768,11.0000,1059840,87.20918386
768,11.0000,2119680,174.51968642
768,11.0000,4204032,344.74595277
768,11.0000,8408064,702.28068917
768,11.0000,16780800,1386.80034398
768,12.0000,36864,3.33507764
768,12.0000,73728,6.22289048
768,12.0000,147456,12.00973804
768,12.0000,258048,20.69414858
768,12.0000,516096,41.71731847
768,12.0000,1069056,84.13338183
768,12.0000,2101248,175.13792364
768,12.0000,4202496,334.92746728
768,12.0000,8404992,663.07812561
768,12.0000,16773120,1327.50126499
